{"type": "FeatureCollection", "features": [{"type": "Feature", "id": 1, "geometry": {"type": "MultiLineString", "coordinates": [[[-79.7399737184266, 43.5938371474522], [-79.7595186989382, 43.5993463725493], [-79.759527974725, 43.5993489817368], [-79.7595372531011, 43.5993515855491], [-79.7595465353419, 43.5993541821995], [-79.7595558214291, 43.5993567725879], [-79.759565110124, 43.5993593567012], [-79.7595744026652, 43.5993619345525], [-79.7595836978326, 43.5993645052284], [-79.7595929968278, 43.5993670705426], [-79.7596022996879, 43.5993696286948], [-79.7596116051556, 43.5993721805717], [-79.7596209144512, 43.599374727087], [-79.7596302263728, 43.5993772664268], [-79.7596395421594, 43.5993797986045], [-79.7596488617737, 43.5993823254205], [-79.7596581839957, 43.5993848459613], [-79.7596675088438, 43.5993873593266], [-79.7596768375383, 43.59938986643], [-79.7596861700605, 43.5993923681718], [-79.7596955052089, 43.5993948627381], [-79.7597048442221, 43.5993973501423], [-79.7597141858244, 43.5993998321715], [-79.7597235300343, 43.5994023079253], [-79.759732878109, 43.5994047765171], [-79.7597422300301, 43.599407238847], [-79.7597515845587, 43.5994096949016], [-79.7597609429337, 43.5994121446943], [-79.759770302696, 43.5994145872982], [-79.7597796675249, 43.5994170245538], [-79.7597890349798, 43.5994194546338], [-79.7597984050424, 43.5994218784386], [-79.7598077789512, 43.5994242959816], [-79.7598171554676, 43.5994267072492], [-79.7598265345916, 43.5994291122415], [-79.7598359175804, 43.5994315100717], [-79.7598453044154, 43.5994339016401], [-79.759854693858, 43.5994362869332], [-79.7598640859083, 43.5994386659509], [-79.7598734805661, 43.5994410386934], [-79.7598828790886, 43.5994434042737], [-79.7598922814575, 43.5994457635922], [-79.7599016851951, 43.599448116622], [-79.7599110927791, 43.5994504633899], [-79.7599205042278, 43.5994528029957], [-79.7599299170269, 43.5994551372129], [-79.7599393349294, 43.5994574642815], [-79.7599487542007, 43.5994597850614], [-79.7599581773184, 43.5994620995794], [-79.759967603062, 43.5994644069218], [-79.7599770314133, 43.599466707989], [-79.7599864636107, 43.5994690027942], [-79.7599958984157, 43.5994712913242], [-79.7600053358282, 43.5994735735788], [-79.7600147758668, 43.5994758486579], [-79.7600242197516, 43.5994781174752], [-79.7600336662439, 43.599480380017], [-79.7600431165825, 43.5994826362971], [-79.7600525683083, 43.5994848853881], [-79.7600620238804, 43.5994871282173], [-79.76007148206, 43.5994893647711], [-79.7600809428471, 43.5994915950496], [-79.760090407499, 43.5994938181661], [-79.7600998747398, 43.5994960359074], [-79.7601093446066, 43.5994982464731], [-79.7601188170995, 43.5995004498633], [-79.7601282921814, 43.5995026478784], [-79.7601377711279, 43.5995048387315], [-79.760147252682, 43.5995070233092], [-79.760156736862, 43.5995092007113], [-79.760166223631, 43.5995113727383], [-79.7601757130261, 43.5995135375898], [-79.7601852050286, 43.599515696166], [-79.7601947008958, 43.59951784758], [-79.7602041993704, 43.5995199927187], [-79.7602137004526, 43.5995221315821], [-79.7602232041422, 43.5995242641701], [-79.7602327104393, 43.5995263904829], [-79.7602422193624, 43.59952850962], [-79.7602517308929, 43.5995306224818], [-79.7602612462881, 43.5995327281816], [-79.7602707630336, 43.5995348284927], [-79.7602802836437, 43.5995369216418], [-79.7602898068797, 43.5995390076153], [-79.7602993327048, 43.5995410882136], [-79.760308859917, 43.599543161623], [-79.7603183909754, 43.5995452287705], [-79.7603279246598, 43.5995472887424], [-79.7603374621718, 43.5995493433526], [-79.7603470010711, 43.5995513907739], [-79.7603565425962, 43.5995534310195], [-79.7603660867103, 43.5995554658901], [-79.7603756334504, 43.5995574935851], [-79.7603851828163, 43.5995595141046], [-79.76039473601, 43.5995615292623], [-79.7604042905908, 43.599563537231], [-79.760413847779, 43.5995655389244], [-79.7604234075931, 43.5995675334423], [-79.7604329700147, 43.5995695216847], [-79.7604425350437, 43.5995715036519], [-79.7604521039373, 43.5995734784569], [-79.7604616741811, 43.5995754478734], [-79.7604712470693, 43.599577409214], [-79.7604808225464, 43.5995793651795], [-79.7604904006493, 43.5995813139695], [-79.760499980121, 43.5995832564707], [-79.7605095634388, 43.5995851927099], [-79.7605191493825, 43.5995871217736], [-79.7605287366948, 43.5995890445486], [-79.7605383278717, 43.5995909601613], [-79.7605479204173, 43.5995928694853], [-79.760557516809, 43.5995947725473], [-79.7605671145879, 43.5995966684204], [-79.7605767149556, 43.5995985589183], [-79.7605863179677, 43.5996004413404], [-79.7605959235687, 43.5996023183874], [-79.7606055305568, 43.5996041882454], [-79.760615141391, 43.5996060518414], [-79.7606247536123, 43.5996079082485], [-79.760634368441, 43.5996097583802], [-79.7606439858771, 43.5996116022365], [-79.760653605939, 43.5996134389172], [-79.7606632286082, 43.5996152693226], [-79.7606728526646, 43.599617092539], [-79.7606824793283, 43.59961890948], [-79.7606921085993, 43.5996207201456], [-79.7607017404777, 43.5996225245359], [-79.760711374982, 43.5996243217506], [-79.7607210108548, 43.5996261126765], [-79.7607306493535, 43.5996278964268], [-79.7607402904595, 43.5996296739017], [-79.7607499341913, 43.5996314442011], [-79.7607595792732, 43.5996332091119], [-79.7607692269994, 43.5996349659469], [-79.7607788773145, 43.5996367174067], [-79.7607885302554, 43.599638461691], [-79.7607981845648, 43.5996401996864], [-79.7608078415001, 43.5996419305063], [-79.7608175010427, 43.5996436550507], [-79.7608271619723, 43.5996453724062], [-79.7608368255092, 43.5996470834863], [-79.7608464916535, 43.599648788291], [-79.7608561591848, 43.5996504859067], [-79.7608658293234, 43.599652177247], [-79.7608755020693, 43.599653862312], [-79.760885177441, 43.5996555402013], [-79.7608948541997, 43.5996572109017], [-79.7609045323085, 43.5996588762134], [-79.7609142142818, 43.599660534363], [-79.7609238976421, 43.5996621853235], [-79.760933582371, 43.5996638299953], [-79.7609432697072, 43.5996654683916], [-79.7609529596691, 43.5996670996124], [-79.7609626522383, 43.5996687245578], [-79.7609723461945, 43.5996703423142], [-79.7609820415008, 43.5996719546819], [-79.7609917394513, 43.5996735589739], [-79.7610014400091, 43.5996751569905], [-79.7610111419354, 43.5996767487182], [-79.7610208464874, 43.5996783332704], [-79.7610305536466, 43.5996799115471], [-79.7610402621745, 43.5996814835351], [-79.7610499720893, 43.5996830483341], [-79.7610596846113, 43.5996846068576], [-79.7610693997591, 43.5996861582055], [-79.7610791162938, 43.5996877023645], [-79.7610888341787, 43.5996892411348], [-79.7610985546892, 43.5996907727295], [-79.7611082778253, 43.5996922971486], [-79.7611180023301, 43.5996938152789], [-79.7611277282033, 43.5996953271203], [-79.7611374567022, 43.5996968317862], [-79.7611471878083, 43.5996983301767], [-79.7611569190627, 43.5996998213647], [-79.761166654163, 43.5997013062907], [-79.7611763894116, 43.5997027840143], [-79.761186128506, 43.5997042554759], [-79.7611958677303, 43.5997057206353], [-79.7612056095802, 43.599707178619], [-79.7612153540558, 43.5997086294272], [-79.7612250998814, 43.5997100748467], [-79.7612348471124, 43.599711512177], [-79.7612445969321, 43.5997129441321], [-79.7612543481572, 43.599714367998], [-79.7612641007324, 43.5997157864752], [-79.7612738559332, 43.5997171977768], [-79.7612836125209, 43.5997186018894], [-79.7612933717158, 43.5997199997266], [-79.7613031322976, 43.5997213903747], [-79.7613128942478, 43.5997227747341], [-79.7613226588052, 43.599724152818], [-79.7613324235109, 43.5997255236995], [-79.7613421920623, 43.5997268883189], [-79.761351960762, 43.5997282457359], [-79.7613617320689, 43.5997295968775], [-79.7613715047626, 43.5997309408301], [-79.7613812800635, 43.5997322785072], [-79.7613910555126, 43.5997336089819], [-79.7614008335688, 43.5997349331812], [-79.7614106142506, 43.5997362502048], [-79.7614203950622, 43.5997375609262], [-79.7614301784993, 43.599738864472], [-79.7614399633048, 43.599740161729], [-79.7614497507175, 43.5997414527105], [-79.7614595382783, 43.5997427364896], [-79.7614693284647, 43.599744013093], [-79.7614791200195, 43.5997452834076], [-79.7614889129612, 43.5997465465332], [-79.76149870851, 43.5997478033834], [-79.7615085041885, 43.5997490539312], [-79.7615183024925, 43.5997502973035], [-79.7615281021649, 43.599751534387], [-79.7615379032242, 43.5997527642813], [-79.7615477069091, 43.5997539870001], [-79.7615575107236, 43.5997552034166], [-79.7615673171452, 43.5997564135576], [-79.7615771249536, 43.5997576165097], [-79.7615869341489, 43.5997588122726], [-79.761596744694, 43.599760002647], [-79.7616065566445, 43.5997611849321], [-79.761616371202, 43.5997623609417], [-79.7616261858892, 43.5997635306491], [-79.761636003202, 43.5997646931809], [-79.761645821883, 43.5997658494238], [-79.7616556419509, 43.5997669984777], [-79.7616654634056, 43.5997681403425], [-79.7616752862286, 43.5997692759185], [-79.76168511042, 43.5997704052056], [-79.7616949359982, 43.5997715273037], [-79.7617047629631, 43.5997726422127], [-79.7617145925352, 43.5997737508463], [-79.7617244222368, 43.5997748531776], [-79.7617342533252, 43.5997759483199], [-79.7617440870207, 43.5997770371868], [-79.7617539208642, 43.5997781188511], [-79.7617637573332, 43.5997791933399], [-79.7617735939318, 43.5997802615263], [-79.7617834331559, 43.5997813225372], [-79.7617932725096, 43.5997823772458], [-79.7618031132316, 43.5997834256655], [-79.7618129565791, 43.5997844669095], [-79.7618228000746, 43.5997855009511], [-79.7618326461771, 43.5997865287173], [-79.7618424924277, 43.599787549281], [-79.7618523400466, 43.5997885635558], [-79.7618621902909, 43.599789570655], [-79.7618720406648, 43.5997905714519], [-79.7618818924254, 43.5997915650598], [-79.7618917455543, 43.5997925523788], [-79.7619016000699, 43.5997935325087], [-79.7619114559538, 43.5997945063498], [-79.7619213132245, 43.5997954730019], [-79.7619311706247, 43.5997964333516], [-79.7619410306503, 43.5997973865257], [-79.7619508920626, 43.5997983325108], [-79.7619607536045, 43.5997992721935], [-79.7619706165146, 43.5998002055875], [-79.7619804808114, 43.5998011317923], [-79.761990346495, 43.5998020508081], [-79.7620002135468, 43.599802963535], [-79.7620100819853, 43.5998038690729], [-79.7620199505533, 43.5998047683085], [-79.762029820508, 43.599805660355], [-79.7620396918309, 43.5998065461127], [-79.7620495645406, 43.5998074246813], [-79.7620594386184, 43.599808296961], [-79.7620693140829, 43.5998091620517], [-79.7620791896954, 43.5998100199399], [-79.7620890666761, 43.5998108715392], [-79.762098945025, 43.5998117168497], [-79.7621088247606, 43.5998125549711], [-79.7621187046441, 43.59981338589], [-79.7621285858959, 43.5998142105201], [-79.7621384685343, 43.5998150279611], [-79.7621483525408, 43.5998158391132], [-79.7621582366954, 43.5998166430628], [-79.7621681222181, 43.5998174407236], [-79.7621780091274, 43.5998182311953], [-79.762187897405, 43.5998190153781], [-79.7621977858304, 43.5998197923585], [-79.7622076756425, 43.5998205621498], [-79.7622175668228, 43.5998213256522], [-79.762227458151, 43.5998220819521], [-79.7622373508473, 43.5998228319632], [-79.7622472449303, 43.5998235747852], [-79.7622571391427, 43.5998243113049], [-79.7622670347418, 43.5998250406356], [-79.762276931709, 43.5998257636773], [-79.7622868288241, 43.5998264795166], [-79.7622967273258, 43.5998271881668], [-79.7623066271956, 43.5998278905281], [-79.7623165272134, 43.599828585687], [-79.7623264285992, 43.599829274557], [-79.762336330133, 43.5998299562245], [-79.7623462330349, 43.5998306316031], [-79.7623561373233, 43.5998312997927], [-79.7623660417412, 43.5998319616799], [-79.7623759475457, 43.5998326163781], [-79.762385853498, 43.5998332638738], [-79.7623957608184, 43.5998339050806], [-79.7624056682867, 43.599834539085], [-79.7624155771232, 43.5998351668005], [-79.7624254873461, 43.5998357873268], [-79.7624353976985, 43.599836401551], [-79.7624453094374, 43.599837008586], [-79.7624552213242, 43.5998376084185], [-79.7624651333403, 43.5998382019488], [-79.7624750467246, 43.5998387891902], [-79.7624849615138, 43.5998393683422], [-79.762494876414, 43.5998399420923], [-79.7625047927191, 43.599840507753], [-79.7625147091536, 43.5998410671114], [-79.7625246269562, 43.599841620181], [-79.7625345449066, 43.5998421660481], [-79.7625444630048, 43.5998427047126], [-79.7625543824711, 43.5998432370884], [-79.7625643020852, 43.5998437622616], [-79.7625742230673, 43.5998442811459], [-79.7625841441973, 43.5998447928278], [-79.7625940667137, 43.5998452973205], [-79.7626039893595, 43.599845795511], [-79.7626139133733, 43.5998462874126], [-79.762623837535, 43.5998467721117], [-79.7626337618444, 43.5998472496083], [-79.7626436875218, 43.599847720816], [-79.762653613347, 43.5998481848213], [-79.76266353932, 43.599848641624], [-79.762673466661, 43.5998490921379], [-79.7626833941498, 43.5998495354493], [-79.7626933217679, 43.5998499724584], [-79.7627032507725, 43.5998504022784], [-79.7627131799063, 43.5998508257961], [-79.7627231104267, 43.5998512421247], [-79.7627330410763, 43.599851652151], [-79.7627429718921, 43.5998520540747], [-79.7627529028188, 43.5998524505962], [-79.7627628351319, 43.5998528399287], [-79.7627727675928, 43.5998532220586], [-79.7627827002013, 43.5998535969861], [-79.7627926341779, 43.5998539656247], [-79.7628025682837, 43.599854327961], [-79.7628125025373, 43.5998546830948], [-79.7628224369386, 43.5998550310261], [-79.7628323727079, 43.5998553726685], [-79.7628423086248, 43.5998557071085], [-79.7628522446895, 43.5998560343459], [-79.7628621808835, 43.599856355281], [-79.7628721184454, 43.5998566699273], [-79.7628820549347, 43.5998569764575], [-79.7628919927736, 43.5998572775989], [-79.7629019307786, 43.5998575706377], [-79.7629118701515, 43.5998578573876], [-79.762921808415, 43.5998581378217], [-79.7629317480648, 43.5998584110668], [-79.7629416878624, 43.5998586771094], [-79.7629516277891, 43.5998589368497], [-79.7629615678636, 43.5998591893875], [-79.762971509306, 43.5998594356365], [-79.7629814496573, 43.5998596746695], [-79.762991391395, 43.5998599065134], [-79.7630013320232, 43.5998601320416], [-79.7630112740378, 43.5998603503808], [-79.7630212161815, 43.5998605624176], [-79.7630311584729, 43.5998607672519], [-79.7630411021507, 43.5998609648972], [-79.763051044719, 43.5998611562267], [-79.7630609874164, 43.599861341254], [-79.7630709315187, 43.599861518192], [-79.763080874493, 43.5998616897144], [-79.763090818872, 43.5998618531476], [-79.7631007621415, 43.5998620102651], [-79.763110706779, 43.5998621610936], [-79.7631206515824, 43.5998623038195], [-79.7631305964966, 43.5998624411433], [-79.7631405403382, 43.599862570351], [-79.7631504855476, 43.5998626932697], [-79.7631604308862, 43.5998628098862], [-79.7631703763724, 43.5998629193003], [-79.7631803220062, 43.5998630215117], [-79.7631902665304, 43.5998631174075], [-79.7632002124409, 43.5998632061142], [-79.7632101584806, 43.5998632885186], [-79.7632201046679, 43.5998633637206], [-79.763230049764, 43.5998634317066], [-79.763239996228, 43.5998634934036], [-79.7632499428395, 43.5998635478983], [-79.7632598883415, 43.5998635960772], [-79.7632698352297, 43.599863637067], [-79.7632797810084, 43.5998636717411], [-79.763289726953, 43.5998636983126], [-79.7632996742471, 43.5998637194953], [-79.7633096204499, 43.5998637334621], [-79.7633195668004, 43.5998637402264], [-79.7633295132984, 43.5998637397882], [-79.7633394599254, 43.5998637330478], [-79.7633494054429, 43.5998637199916], [-79.7633593523467, 43.5998636997463], [-79.7633692981592, 43.5998636722852], [-79.7633792441009, 43.5998636385217], [-79.7633891914287, 43.5998635975691], [-79.7633991376654, 43.5998635494007], [-79.7634090827925, 43.5998634949165], [-79.7634190292873, 43.5998634341435], [-79.7634289747094, 43.5998633652543], [-79.7634389214808, 43.5998632909765], [-79.7634488671795, 43.5998632085825], [-79.7634588130072, 43.5998631198862], [-79.7634687577253, 43.5998630248743], [-79.7634787038296, 43.5998629226732], [-79.7634886488427, 43.5998628132563], [-79.7634985939848, 43.599862697537], [-79.7635085392744, 43.5998625746153], [-79.7635184834728, 43.5998624444776], [-79.7635284278002, 43.5998623080377], [-79.7635383722567, 43.5998621652955], [-79.7635483168606, 43.5998620153507], [-79.7635582603734, 43.5998618581901], [-79.7635682052722, 43.5998616938403], [-79.763578149043, 43.5998615240751], [-79.7635880917409, 43.5998613461937], [-79.7635980345679, 43.5998611620101], [-79.7636079775423, 43.599860970624], [-79.7636179206457, 43.5998607729355], [-79.7636278626579, 43.5998605680312], [-79.7636378047991, 43.5998603568246], [-79.7636477470877, 43.5998601384155], [-79.7636576882666, 43.5998599136906], [-79.7636676296113, 43.5998596808631], [-79.7636775710667, 43.5998594426335], [-79.7636875114307, 43.599859197188], [-79.7636974519422, 43.5998589445399], [-79.7637073913623, 43.599858684676], [-79.7637173309115, 43.5998584185098], [-79.7637272705896, 43.5998581460413], [-79.7637372091765, 43.5998578663569], [-79.7637471479107, 43.59985757947], [-79.7637570867739, 43.5998572862808], [-79.7637670245458, 43.5998569858756], [-79.763776961208, 43.5998566791549], [-79.7637868992562, 43.5998563652449], [-79.7637968349744, 43.5998560441057], [-79.7638067720603, 43.5998557166777], [-79.7638167068161, 43.5998553820202], [-79.7638266429396, 43.5998550410739], [-79.7638365779718, 43.5998546929118], [-79.7638465118942, 43.5998543384339], [-79.763856445964, 43.5998539767535], [-79.7638663789239, 43.5998536087574], [-79.7638763120497, 43.5998532326587], [-79.763886245286, 43.5998528511578], [-79.7638961761922, 43.5998524624276], [-79.7639061084845, 43.5998520665084], [-79.7639160396854, 43.5998516633732], [-79.763925969758, 43.5998512548225], [-79.7639358999965, 43.5998508381692], [-79.7639458291252, 43.5998504152001], [-79.763955757144, 43.5998499859154], [-79.7639656865673, 43.5998495485414], [-79.7639756136237, 43.5998491057384], [-79.7639855408458, 43.5998486548328], [-79.7639954669397, 43.5998481985117], [-79.7640053931993, 43.5998477340879], [-79.7640153183491, 43.5998472633484], [-79.7640252436278, 43.5998467863066], [-79.7640351665763, 43.5998463020355], [-79.7640450909109, 43.5998458105753], [-79.764055012897, 43.599845312786], [-79.7640649350303, 43.5998448077942], [-79.7640748572925, 43.5998442965001], [-79.7640847772245, 43.5998437779768], [-79.7640946972855, 43.5998432531511], [-79.7641046174937, 43.599842721123], [-79.7641145353718, 43.5998421818655], [-79.7641244533787, 43.5998416363058], [-79.7641343715329, 43.5998410835435], [-79.7641442873385, 43.5998405244522], [-79.764154203273, 43.5998399590586], [-79.7641641193731, 43.5998393855623], [-79.7641740331247, 43.5998388057369], [-79.7641839470051, 43.5998382196092], [-79.764193859794, 43.5998376262656], [-79.7642037714731, 43.5998370266064], [-79.7642136832994, 43.5998364197446], [-79.7642235940342, 43.5998358056669], [-79.7642335036592, 43.5998351852736], [-79.7642434121927, 43.5998345576644], [-79.7642533196162, 43.5998339237394], [-79.7642632271686, 43.5998332835122], [-79.7642731336479, 43.5998326351689], [-79.7642830390173, 43.5998319805099], [-79.7642929445155, 43.5998313195486], [-79.7643028476835, 43.5998306513581], [-79.7643127509803, 43.5998299768652], [-79.7643226531856, 43.5998292951565], [-79.7643325542994, 43.5998286062318], [-79.7643424543033, 43.5998279109915], [-79.7643523531972, 43.5998272094355], [-79.7643622522383, 43.599826500677], [-79.764372150188, 43.5998257847026], [-79.7643820457889, 43.5998250623992], [-79.7643919415371, 43.5998243328932], [-79.7644018361753, 43.5998235970716], [-79.7644117297219, 43.5998228540341], [-79.7644216233974, 43.5998221046943], [-79.7644315147425, 43.5998213481251], [-79.7644414062165, 43.5998205852538], [-79.7644512953601, 43.5998198151531], [-79.764461184651, 43.59981903785], [-79.7644710715931, 43.5998182542177], [-79.764480958664, 43.5998174642832], [-79.7644908446434, 43.5998166671328], [-79.7645007295312, 43.5998158627665], [-79.7645106133089, 43.5998150520846], [-79.7645204959768, 43.5998142350869], [-79.7645303763143, 43.59981341086], [-79.764540256799, 43.5998125794306], [-79.7645501361736, 43.5998117416855], [-79.7645600144567, 43.5998108967245], [-79.7645698916298, 43.5998100454478], [-79.7645797676929, 43.5998091878555], [-79.7645896426828, 43.5998083221471], [-79.7645995165443, 43.5998074510232], [-79.7646093893327, 43.5998065717832], [-79.7646192609925, 43.5998056871278], [-79.7646291315608, 43.5998047952565], [-79.7646390010375, 43.5998038961693], [-79.7646488681654, 43.599802990753], [-79.7646587354404, 43.5998020781342], [-79.7646686016054, 43.5998011591998], [-79.7646784654401, 43.599800233036], [-79.7646883294219, 43.5997992996698], [-79.7646981910364, 43.5997983608748], [-79.7647080515778, 43.5997974139636], [-79.7647179109907, 43.599796461637], [-79.7647277693304, 43.5997955011943], [-79.7647376265416, 43.5997945353361], [-79.7647474826796, 43.5997935613619], [-79.7647573364504, 43.5997925819588], [-79.7647671903867, 43.599791594453], [-79.7647770419742, 43.5997906006181], [-79.7647868924517, 43.5997896004676], [-79.7647967418375, 43.5997885931012], [-79.7648065901131, 43.5997875794191], [-79.7648164372972, 43.5997865585211], [-79.7648262821324, 43.5997855312941], [-79.7648361258576, 43.5997844977514], [-79.7648459697482, 43.599783456106], [-79.7648558100329, 43.5997824090184], [-79.764865650483, 43.5997813538281], [-79.7648754885659, 43.5997802932089], [-79.7648853267958, 43.5997792253873], [-79.7648951626954, 43.5997781503364], [-79.7649049962461, 43.5997770689564], [-79.7649148299438, 43.5997759803739], [-79.7649246612927, 43.5997748854624], [-79.7649344915315, 43.5997737842353], [-79.7649443206785, 43.5997726757922], [-79.7649541474952, 43.5997715601199], [-79.7649639732017, 43.5997704381319], [-79.7649737977981, 43.5997693098283], [-79.7649836200641, 43.5997681742954], [-79.7649934424586, 43.5997670324602], [-79.7650032625227, 43.5997658833958], [-79.7650130802564, 43.5997647271021], [-79.7650228968615, 43.599763565393], [-79.7650327123933, 43.5997623955678], [-79.7650425267965, 43.5997612203271], [-79.7650523388877, 43.5997600369569], [-79.7650621498503, 43.5997588481714], [-79.7650719597212, 43.5997576521699], [-79.7650817672616, 43.5997564489392], [-79.7650915724531, 43.5997552393794], [-79.7651013777732, 43.5997540235173], [-79.7651111807628, 43.5997528004261], [-79.7651209814219, 43.5997515701055], [-79.7651307821911, 43.5997503343829], [-79.7651405794096, 43.5997490905175], [-79.7651503767382, 43.5997478412499], [-79.7651601717547, 43.599746583853], [-79.7651699644039, 43.5997453210272], [-79.7651797559613, 43.5997440509855], [-79.7651895464269, 43.5997427737279], [-79.7651993345436, 43.5997414901413], [-79.7652091215501, 43.5997402002391], [-79.7652189062261, 43.5997389031076], [-79.7652286897919, 43.5997375996605], [-79.7652384710272, 43.5997362889841], [-79.7652482511522, 43.599734971992], [-79.7652580289468, 43.5997336477707], [-79.7652678056311, 43.5997323172338], [-79.7652775799665, 43.5997309803678], [-79.76528735321, 43.5997296362859], [-79.7652971241047, 43.5997282858751], [-79.7653068939075, 43.5997269282483], [-79.7653166613613, 43.5997255642925], [-79.7653264277233, 43.5997241931209], [-79.7653361917364, 43.5997228156202], [-79.7653459534005, 43.5997214317905], [-79.7653557139728, 43.5997200407449], [-79.7653654734348, 43.5997186433837], [-79.7653752293276, 43.5997172387799], [-79.7653849853488, 43.5997158278738], [-79.7653947377823, 43.5997144106253], [-79.765404489124, 43.5997129861609], [-79.7654142393738, 43.5997115544806], [-79.7654239860175, 43.5997101173582], [-79.7654337328081, 43.5997086730333], [-79.7654434760294, 43.5997072214657], [-79.7654532181404, 43.5997057635826], [-79.7654629579024, 43.5997042993704], [-79.7654726965725, 43.5997028279423], [-79.7654824328936, 43.5997013501852], [-79.7654921668841, 43.5996998651989], [-79.7655018997644, 43.5996983738969], [-79.7655116302956, 43.5996968762659], [-79.7655213584962, 43.5996953714057], [-79.7655310855865, 43.5996938602298], [-79.7655408090892, 43.5996923427116], [-79.7655505327386, 43.5996908179908], [-79.7655602528186, 43.5996892860274], [-79.76556997177, 43.5996877486487], [-79.7655796883907, 43.5996862040406], [-79.7655894026809, 43.5996846522034], [-79.7655991158606, 43.5996830940505], [-79.7656088254527, 43.5996815295552], [-79.7656185339344, 43.5996799587443], [-79.7656282413242, 43.5996783807175], [-79.7656379451446, 43.5996767954481], [-79.7656476478363, 43.5996752047633], [-79.7656573481974, 43.5996736068493], [-79.7656670462278, 43.599672001706], [-79.7656767419091, 43.5996703902337], [-79.7656864364801, 43.5996687724458], [-79.7776427851447, 43.5976682999897], [-79.7776524792408, 43.597666673977], [-79.7776621709867, 43.5976650416355], [-79.7776718604005, 43.597663402065], [-79.7776815487028, 43.597661756179], [-79.7776912334344, 43.5976601030507], [-79.7777009170361, 43.5976584445071], [-79.777710598324, 43.5976567778343], [-79.7777202772434, 43.597655105733], [-79.7777299538308, 43.5976534264026], [-79.7777396280679, 43.5976517407435], [-79.7777493012116, 43.5976500478685], [-79.7777589707664, 43.5976483486516], [-79.7777686392096, 43.5976466431192], [-79.7777783053207, 43.5976449303577], [-79.7777879678428, 43.5976432112542], [-79.7777976292533, 43.5976414858352], [-79.7778072883318, 43.5976397531872], [-79.7778169450599, 43.5976380142105], [-79.7778265994377, 43.5976362689049], [-79.7778362514835, 43.5976345163704], [-79.7778459024176, 43.5976327575203], [-79.7778555497627, 43.5976309923282], [-79.7778651947758, 43.5976292199071], [-79.7778748374385, 43.5976274411573], [-79.7778844789896, 43.5976256560919], [-79.7778941169699, 43.5976238637843], [-79.7779037525999, 43.5976220651479], [-79.7779133871182, 43.597620260196], [-79.7779230180658, 43.5976184480019], [-79.777932646663, 43.597616629479], [-79.7779422741486, 43.5976148046405], [-79.7779518980633, 43.5976129725599], [-79.7779615196278, 43.5976111341505], [-79.7779711388418, 43.5976092894123], [-79.7779807569443, 43.5976074383586], [-79.7779903714759, 43.5976055800626], [-79.7779999836571, 43.5976037154379], [-79.778009593488, 43.5976018444845], [-79.7780192009867, 43.597599966302], [-79.7780288061351, 43.5975980817908], [-79.7780384076945, 43.5975961909376], [-79.7780480081604, 43.5975942928686], [-79.7780576050372, 43.5975923884577], [-79.7780672008024, 43.5975904777312], [-79.7780767929784, 43.5975885606627], [-79.7780863828224, 43.5975866363652], [-79.7780959703159, 43.597584705739], [-79.7781055554591, 43.597582768784], [-79.7781151382701, 43.5975808246001], [-79.7781247187307, 43.5975788740874], [-79.7781342956022, 43.5975769172327], [-79.778143871362, 43.5975749540624], [-79.778153443551, 43.59757298365], [-79.7781630133896, 43.5975710069088], [-79.7781725796391, 43.5975690238256], [-79.7781821447768, 43.5975670344269], [-79.7781917063437, 43.597565037786], [-79.7782012667989, 43.5975630348295], [-79.7782108224263, 43.5975610255179], [-79.7782203769601, 43.5975590089905], [-79.7782299291254, 43.5975569870346], [-79.7782394777197, 43.5975549578364], [-79.7782490239818, 43.5975529214093], [-79.7782585678753, 43.5975508795537], [-79.7782681081979, 43.5975488304559], [-79.7782776474088, 43.5975467750425], [-79.7782871830305, 43.5975447132872], [-79.77829671632, 43.5975426443029], [-79.7783062460022, 43.5975405698768], [-79.7783157733522, 43.5975384882218], [-79.7783252983517, 43.597536400238], [-79.778334821019, 43.5975343050252], [-79.7783443400789, 43.5975322043707], [-79.7783538568066, 43.5975300964873], [-79.7783633699452, 43.5975279822618], [-79.7783728819719, 43.5975258617209], [-79.7783823904277, 43.5975237339377], [-79.7783918952945, 43.5975215998126], [-79.7784013990494, 43.597519459372], [-79.7784108992152, 43.5975173125894], [-79.7784203957918, 43.5975151594648], [-79.7784298900361, 43.5975129991113], [-79.7784393819118, 43.5975108333292], [-79.7784488714552, 43.5975086603182], [-79.7784583574094, 43.5975064809652], [-79.7784678397927, 43.59750429437], [-79.778477321046, 43.5975021023595], [-79.7784867974896, 43.5974999030936], [-79.7784962728214, 43.5974976975122], [-79.778505744564, 43.5974954855889], [-79.7785152127357, 43.5974932664233], [-79.7785246797774, 43.5974910418425], [-79.7785341420094, 43.5974888100062], [-79.7785436018908, 43.5974865718413], [-79.7785530594218, 43.5974843273475], [-79.7785625146023, 43.5974820765251], [-79.7785719649549, 43.5974798193474], [-79.7785814142138, 43.5974775549541], [-79.7785908598836, 43.5974752842187], [-79.7786003019642, 43.5974730071415], [-79.7786097416942, 43.5974707237355], [-79.7786191778351, 43.5974684339875], [-79.7786286116254, 43.5974661379108], [-79.7786380418446, 43.5974638345919], [-79.7786474697134, 43.5974615249443], [-79.7786568952134, 43.5974592098682], [-79.7786663159038, 43.5974568875367], [-79.7786757355004, 43.5974545579895], [-79.778685150251, 43.5974522229872], [-79.7786945626511, 43.5974498816563], [-79.7787039727187, 43.5974475330965], [-79.7787133791972, 43.5974451781946], [-79.7787227820682, 43.5974428178511], [-79.7787321826068, 43.5974404502786], [-79.7787415795744, 43.5974380754639], [-79.7787509741733, 43.5974356952208], [-79.7787603651829, 43.5974333086357], [-79.7787697526215, 43.5974309148084], [-79.7787791376913, 43.5974285155526], [-79.77878851919, 43.5974261090547], [-79.7787978983382, 43.597423696228], [-79.7788072726585, 43.5974212770462], [-79.7788166458668, 43.5974188515488], [-79.7788260142472, 43.5974164196964], [-79.778835380277, 43.5974139815151], [-79.7788447427357, 43.5974115360918], [-79.7788541028257, 43.5974090852399], [-79.7788634593446, 43.5974066271459], [-79.7788728122742, 43.5974041627099], [-79.7788821615963, 43.5974016928322], [-79.7788915085861, 43.5973992157256], [-79.7789008519865, 43.5973967322771], [-79.7789101930364, 43.5973942424998], [-79.7789195292583, 43.5973917463674], [-79.7789288631478, 43.597389243006], [-79.7789381946684, 43.5973867342162], [-79.7789475213611, 43.5973842190712], [-79.7789568457214, 43.5973816966973], [-79.7789661664742, 43.5973791688816], [-79.7789754836558, 43.5973766338238], [-79.77898479723, 43.5973740933243], [-79.7789941084718, 43.5973715455958], [-79.7790034161242, 43.5973689915255], [-79.7790127201873, 43.5973664311132], [-79.779022020643, 43.5973638652592], [-79.7790313187661, 43.5973612921763], [-79.7790406120613, 43.5973587127382], [-79.7790499030059, 43.5973561269714], [-79.7790591903611, 43.5973535348627], [-79.7790684741452, 43.5973509355119], [-79.7790777555604, 43.5973483307326], [-79.7790870321477, 43.5973457195981], [-79.7790963063843, 43.5973431021349], [-79.7791055770315, 43.5973404783298], [-79.7791148441076, 43.5973378472826], [-79.7791241075762, 43.5973352107937], [-79.7791333674554, 43.5973325679628], [-79.779142624984, 43.5973299188032], [-79.7791518777028, 43.5973272623883], [-79.7791611280526, 43.597324600545], [-79.7791703735927, 43.5973219314462], [-79.7791796167638, 43.597319256919], [-79.7791888563457, 43.5973165760499], [-79.7791980923563, 43.5973138879386], [-79.7792073247594, 43.5973111943857], [-79.7792165535731, 43.5973084944908], [-79.7792257788157, 43.5973057873538], [-79.7792350004507, 43.5973030747751], [-79.7792442197532, 43.5973003549675], [-79.7792534342095, 43.5972976297049], [-79.7792626450764, 43.5972948981005], [-79.7792718536107, 43.5972921592672], [-79.7792810572989, 43.597289414979], [-79.7792902573976, 43.5972866643488], [-79.7792994551456, 43.59728390739], [-79.7793086480838, 43.5972811431758], [-79.7793178386531, 43.5972783735332], [-79.7793270243943, 43.5972755975354], [-79.7793362065461, 43.5972728151958], [-79.7793453863472, 43.5972700265274], [-79.7793545613202, 43.5972672315039], [-79.7793637327038, 43.5972644301386], [-79.779372900498, 43.5972616224313], [-79.7793820647028, 43.5972588083821], [-79.7793912265569, 43.5972559880043], [-79.7794003835647, 43.5972531621715], [-79.7794095370013, 43.5972503290967], [-79.7794186856098, 43.5972474896667], [-79.7794278318494, 43.5972446448083], [-79.7794369745177, 43.5972417927077], [-79.7794461135784, 43.5972389351655], [-79.779455247811, 43.5972360712682], [-79.7794643784724, 43.5972332001287], [-79.7794735067649, 43.5972303235609], [-79.7794826302292, 43.5972274406378], [-79.7794917501041, 43.5972245513729], [-79.7795008663896, 43.5972216557661], [-79.7795099790674, 43.5972187547177], [-79.7795190869354, 43.5972158464139], [-79.7795281924525, 43.5972129317815], [-79.7795372931234, 43.5972100116941], [-79.779546390223, 43.5972070843647], [-79.779555483715, 43.5972041515936], [-79.7795645736175, 43.5972012124806], [-79.7795736586919, 43.5971982670125], [-79.7795827401768, 43.5971953152026], [-79.779591819311, 43.5971923570639], [-79.779600893617, 43.5971893925702], [-79.7796099630767, 43.5971864226216], [-79.7796190302038, 43.5971834454441], [-79.7796280924846, 43.5971804628117], [-79.7796371511758, 43.5971774738375], [-79.7796462062777, 43.5971744785214], [-79.77965525779, 43.5971714768634], [-79.7796643044743, 43.5971684688503], [-79.7796733475508, 43.5971654553956], [-79.7796823870561, 43.5971624346988], [-79.779691421715, 43.597159408547], [-79.7797004527844, 43.5971563760535], [-79.7797094802644, 43.597153337218], [-79.7797185041549, 43.5971502920407], [-79.779727523199, 43.5971472414085], [-79.7797365386718, 43.5971441835343], [-79.7797455505369, 43.5971411202183], [-79.7797545588125, 43.5971380505606], [-79.77976356226, 43.5971349745477], [-79.7797725608793, 43.5971318921798], [-79.7797815571296, 43.5971288043834], [-79.7797905485699, 43.5971257093317], [-79.7797995364025, 43.5971226088384], [-79.7798085194069, 43.59711950199], [-79.7798174988218, 43.5971163887998], [-79.779826474629, 43.5971132701679], [-79.7798354456262, 43.5971101442807], [-79.7798444130158, 43.5971070129518], [-79.7798533755771, 43.5971038752679], [-79.7798623345489, 43.5971007312422], [-79.779871289913, 43.5970975817748], [-79.7798802404489, 43.5970944259523], [-79.7798891873952, 43.597091263788], [-79.7798981295134, 43.5970880952686], [-79.779907068042, 43.5970849204074], [-79.7799160029629, 43.5970817401045], [-79.7799249330557, 43.5970785534465], [-79.7799338595588, 43.5970753604468], [-79.7799427812338, 43.5970721610919], [-79.779951699301, 43.5970689562954], [-79.7799606125583, 43.5970657442436], [-79.7799695221895, 43.5970625276505], [-79.7799784270108, 43.597059303802], [-79.7799873282244, 43.597056074512], [-79.7799962258665, 43.5970528379798], [-79.780005118644, 43.597049596893], [-79.7800140066116, 43.597046348551], [-79.7800228909714, 43.5970430947674], [-79.7800317705029, 43.5970398346286], [-79.7800406464449, 43.5970365681481], [-79.7800495175587, 43.5970332953125], [-79.7800583850647, 43.5970300170352], [-79.7800672477425, 43.597026732403], [-79.7800761068125, 43.5970234423291], [-79.7800849610724, 43.5970201449999], [-79.7800938117247, 43.5970168422291], [-79.7801026575304, 43.5970135340035], [-79.7801114985261, 43.5970102185226], [-79.7801203359141, 43.5970068976001], [-79.7801291684556, 43.5970035712228], [-79.7801379974257, 43.5970002376035], [-79.7801468215494, 43.5969968985293], [-79.7801556408448, 43.5969935531001], [-79.7801644565325, 43.5969902022292], [-79.7801732673919, 43.5969868450034], [-79.7801820746617, 43.5969834814357], [-79.7801908771032, 43.5969801115129], [-79.7801996746983, 43.5969767361353], [-79.7802084687038, 43.596973354416], [-79.7802172578628, 43.5969699672418], [-79.7802260421936, 43.5969665737125], [-79.7802348229347, 43.5969631738415], [-79.7802435988294, 43.5969597685156], [-79.7802523698959, 43.5969563568347], [-79.7802611373727, 43.596952938812], [-79.7802699000031, 43.5969495153345], [-79.7802786578051, 43.5969460855019], [-79.7802874120176, 43.5969426493276], [-79.7802961613836, 43.5969392076984], [-79.7803049059213, 43.5969357597141], [-79.7803136468512, 43.5969323062884], [-79.7803223817141, 43.5969288464943], [-79.7803311129693, 43.5969253812587], [-79.780339840653, 43.596921908781], [-79.7803485622333, 43.5969184317356], [-79.7803572802422, 43.5969149474481], [-79.7803659934047, 43.5969114577058], [-79.7803747017206, 43.5969079625087], [-79.7803834064651, 43.5969044600696], [-79.7803921051063, 43.5969009530628], [-79.780400800176, 43.5968974388138], [-79.7804094916379, 43.5968939191234], [-79.7804181770146, 43.5968903939648], [-79.7804268575631, 43.5968868624513], [-79.7804355345218, 43.596883324596], [-79.7804442066341, 43.5968797812859], [-79.7804528738998, 43.596876232521], [-79.7804615375941, 43.5968726765141], [-79.7804701952033, 43.5968691150392], [-79.7804788492046, 43.5968655481227], [-79.7804874971389, 43.596861974838], [-79.7804961414653, 43.5968583961117], [-79.7805047822022, 43.5968548110436], [-79.780513416872, 43.5968512196073], [-79.7805220466953, 43.5968476227163], [-79.7805306729107, 43.5968440203836], [-79.7805392930592, 43.5968404116828], [-79.780547909618, 43.5968367966401], [-79.7805565213303, 43.5968331761427], [-79.7805651282142, 43.5968295492903], [-79.7805737302516, 43.5968259169831], [-79.7805823274425, 43.5968222792211], [-79.7805909198232, 43.596818634204], [-79.7805995073392, 43.5968149846322], [-79.7806080912656, 43.5968113287187], [-79.7806166691249, 43.596807666437], [-79.7806252421377, 43.5968039987005], [-79.7806338115608, 43.5968003246222], [-79.7806423761374, 43.5967966450892], [-79.7806509346288, 43.5967929600882], [-79.7806594895305, 43.5967892687454], [-79.7806680383651, 43.5967855710344], [-79.7806765835738, 43.5967818687821], [-79.7806851239722, 43.5967781592745], [-79.7806936595241, 43.5967744443123], [-79.7807021889908, 43.596770723882], [-79.7807107148678, 43.59676699711], [-79.7807192358982, 43.5967632648832], [-79.7807277508434, 43.5967595271884], [-79.7807362621989, 43.5967557831519], [-79.7807447687261, 43.5967520327604], [-79.780753269168, 43.5967482769009], [-79.7807617660021, 43.5967445156], [-79.7807702567691, 43.5967407479308], [-79.7807787439282, 43.59673697482], [-79.7807872250021, 43.5967331962413], [-79.7807957024862, 43.5967294113209], [-79.7808041739033, 43.5967256200323], [-79.7808126404557, 43.5967218241891], [-79.7808211021979, 43.5967180210908], [-79.7808295590754, 43.5967142134379], [-79.7808380111244, 43.59671039943], [-79.7808464583269, 43.5967065799674], [-79.780854900701, 43.5967027541499], [-79.7808633382285, 43.5966989228776], [-79.7808717696889, 43.5966950852372], [-79.7808801975233, 43.5966912430554], [-79.7808886193088, 43.5966873936052], [-79.7808970362295, 43.5966835396005], [-79.7809054483219, 43.5966796792409], [-79.7809138555676, 43.5966758134266], [-79.7809222567463, 43.596671941244], [-79.7809306543171, 43.59666806362], [-79.7809390458026, 43.5966641805279], [-79.7809474336984, 43.5966602910942], [-79.7809558155089, 43.5966563961925], [-79.7809641912342, 43.5966524958229], [-79.7809725633697, 43.5966485891115], [-79.78098092942, 43.5966446769323], [-79.7809892918624, 43.5966407593114], [-79.7809976482195, 43.5966368362227], [-79.7810059997482, 43.596632906779], [-79.7810143451916, 43.5966289718674], [-79.7810226870453, 43.596625030614], [-79.7810310228137, 43.5966210838927], [-79.7810393537355, 43.5966171317167], [-79.7810476785721, 43.5966131740728], [-79.7810559998188, 43.5966092100871], [-79.7810643149804, 43.5966052406335], [-79.7810726252953, 43.5966012657252], [-79.7810809295431, 43.5965972844488], [-79.7810892301648, 43.596593298631], [-79.7810975247194, 43.5965893064451], [-79.7811058144456, 43.5965853079043], [-79.7811140980684, 43.5965813047958], [-79.7811223768627, 43.5965772953324], [-79.7811306508104, 43.5965732804142], [-79.7811389199114, 43.5965692600414], [-79.7811471829454, 43.5965652333004], [-79.7811554411328, 43.5965612011047], [-79.7811636944735, 43.5965571634543], [-79.781171941729, 43.596553120336], [-79.7811801841378, 43.596549071763], [-79.7811884217182, 43.596545016835], [-79.7811966532133, 43.5965409564392], [-79.7812048798618, 43.5965368905887], [-79.7812131016637, 43.5965328192834], [-79.7812213173984, 43.59652874161], [-79.7812295282866, 43.596524658482], [-79.7812377330712, 43.5965205707862], [-79.7812459330456, 43.5965164758354], [-79.7812541281552, 43.59651237633], [-79.7812623171795, 43.5965082713568], [-79.7812705013753, 43.5965041600286], [-79.7812786794859, 43.5965000432326], [-79.7812868527498, 43.5964959209818], [-79.7812950211671, 43.5964917932764], [-79.781303183499, 43.596487660103], [-79.7813113410025, 43.5964835205748], [-79.7813194924207, 43.5964793755787], [-79.7813276389741, 43.5964752260281], [-79.7813357806991, 43.5964710701226], [-79.7813439163387, 43.5964669087493], [-79.7813520459112, 43.5964627410078], [-79.7813601706189, 43.5964585687118], [-79.7813682904981, 43.596454390061], [-79.7813764042738, 43.5964502068425], [-79.7813845132211, 43.5964460172691], [-79.781392616083, 43.5964418222278], [-79.7814007128597, 43.5964376217186], [-79.7814088060283, 43.596433415768], [-79.781416891873, 43.5964292043363], [-79.781424972871, 43.59642498745], [-79.7814330490406, 43.5964207642087], [-79.7814411191066, 43.5964165363998], [-79.7814491843442, 43.5964123022359], [-79.7814572434783, 43.5964080635045], [-79.7814652965452, 43.596403818405], [-79.7814733447655, 43.5963995678507], [-79.7814813869005, 43.5963953118287], [-79.7814894241888, 43.5963910503519], [-79.7814974553918, 43.5963867834073], [-79.7815054817481, 43.596382511008], [-79.7815135020191, 43.5963782331409], [-79.7815215174434, 43.5963739498191], [-79.7815295267824, 43.5963696610295], [-79.7815375300361, 43.5963653667719], [-79.7815455284613, 43.5963610661596], [-79.781553520783, 43.5963567609795], [-79.7815615070194, 43.5963524503316], [-79.7815694884273, 43.5963481333289], [-79.7815774649703, 43.5963438117717], [-79.7815854341894, 43.5963394847335], [-79.7815933985799, 43.5963351513404], [-79.7816013581056, 43.5963308133928], [-79.7816093115459, 43.5963264699775], [-79.7816172589191, 43.596322120194], [-79.7816252001888, 43.5963177658429], [-79.78163313663, 43.596313405137], [-79.7816410669677, 43.5963090398634], [-79.7816489924587, 43.5963046691352], [-79.7816569106439, 43.5963002920257], [-79.7816648239642, 43.5962959103618], [-79.7816727324379, 43.5962915232433], [-79.7816806348262, 43.5962871306569], [-79.7816885311291, 43.5962827326027], [-79.7816964213468, 43.5962783290807], [-79.7817043054791, 43.5962739200908], [-79.7817121847647, 43.5962695056463], [-79.7817200579649, 43.5962650857339], [-79.7817279263185, 43.596260660367], [-79.7817357885867, 43.5962562295321], [-79.7817436447696, 43.5962517932295], [-79.7817514948489, 43.5962473523592], [-79.7817593388611, 43.596242905121], [-79.7817671780085, 43.5962384533283], [-79.7817750110886, 43.5962339951675], [-79.7817828380652, 43.5962295324392], [-79.7817906589565, 43.596225064243], [-79.7817984750011, 43.5962205905922], [-79.7818062849603, 43.5962161114736], [-79.7818140888342, 43.5962116268872], [-79.7818218866227, 43.5962071368329], [-79.7818296795464, 43.5962026422243], [-79.7818374651642, 43.5961981412344], [-79.7818452459172, 43.5961936356901], [-79.7818530205848, 43.596189124678], [-79.781860789167, 43.5961846081981], [-79.7818685529025, 43.5961800862636], [-79.7818763093141, 43.5961755588481], [-79.7818840608789, 43.5961710259779], [-79.7818918063402, 43.5961664885402], [-79.7818995457161, 43.5961619456347], [-79.7819072790067, 43.5961573972613], [-79.7819150062119, 43.5961528434202], [-79.7819227285704, 43.5961482841245], [-79.781930443605, 43.5961437193477], [-79.7819381537746, 43.5961391500166], [-79.7819458578588, 43.5961345752177], [-79.7819535546191, 43.5961299949377], [-79.7819612465326, 43.5961254092032], [-79.7819689323426, 43.5961208189011], [-79.7819766133241, 43.5961162222442], [-79.7819842869634, 43.5961116210065], [-79.7819919545173, 43.596107014301], [-79.7819996172244, 43.5961024021409], [-79.7820072725895, 43.5960977854001], [-79.7820149231078, 43.5960931632047], [-79.782022566302, 43.5960885355282], [-79.7820302046496, 43.5960839023972], [-79.7820378368936, 43.5960792646986], [-79.7820454630704, 43.5960746206321], [-79.7820530819051, 43.5960699719847], [-79.7820606958748, 43.596065318783], [-79.7820683037773, 43.5960606592133], [-79.7820759055763, 43.596055995076], [-79.78208350129, 43.596051325471], [-79.7820910909182, 43.5960466503982], [-79.7820986744429, 43.5960419707578], [-79.7821062518823, 43.5960372856496], [-79.7821138232363, 43.5960325950737], [-79.7821213884867, 43.5960278999302], [-79.7821289476518, 43.5960231993189], [-79.7821365007314, 43.5960184932399], [-79.7821440477257, 43.5960137816931], [-79.7821515873779, 43.5960090655655], [-79.7821591221832, 43.5960043439834], [-79.7821666508851, 43.5959996178337], [-79.7821741735016, 43.5959948862163], [-79.782181688794, 43.5959901491179], [-79.7821891992397, 43.595985406565], [-79.7821967035818, 43.5959806594445], [-79.7822042006, 43.595975906843], [-79.7822116927532, 43.5959711496872], [-79.7822191775824, 43.5959663870505], [-79.7822266563263, 43.595961618946], [-79.7822341289666, 43.5959568462739], [-79.7822415955215, 43.5959520681341], [-79.782249055991, 43.5959472845266], [-79.782256510357, 43.5959424963515], [-79.7822639586376, 43.5959377027087], [-79.7822714008146, 43.5959329044982], [-79.7822788356677, 43.595928100807], [-79.7822862656739, 43.5959232916611], [-79.782293688338, 43.5959184779345], [-79.7823011049167, 43.5959136587401], [-79.7823085153919, 43.5959088349783], [-79.7823159197817, 43.5959040057487], [-79.7823233168474, 43.5958991710382], [-79.7823307090482, 43.5958943317733], [-79.782338093925, 43.5958894870275], [-79.7823454739369, 43.5958846377274], [-79.7823528466066, 43.5958797838465], [-79.7823602119705, 43.5958749235845], [-79.7823675724694, 43.5958700587682], [-79.7823749268648, 43.5958651893844], [-79.7823822739361, 43.5958603145197], [-79.7823896149039, 43.5958554350874], [-79.7823969497863, 43.5958505501874], [-79.7824042773447, 43.5958456598065], [-79.7824116000382, 43.5958407648713], [-79.7824189153894, 43.5958358653553], [-79.7824262246553, 43.5958309603717], [-79.7824335278176, 43.5958260508205], [-79.7824408236559, 43.5958211357884], [-79.7824481146475, 43.5958162153018], [-79.7824553982968, 43.5958112902345], [-79.7824626758426, 43.5958063605997], [-79.7824699460644, 43.595801425484], [-79.7824772101826, 43.5957964858007], [-79.7824844682155, 43.5957915406498], [-79.7824917201447, 43.5957865909314], [-79.7824989659886, 43.5957816357452], [-79.7825062044903, 43.5957766759784], [-79.7825134369066, 43.5957717107439], [-79.7825206619807, 43.5957667409286], [-79.7825278821898, 43.5957617665591], [-79.782535095075, 43.5957567867087], [-79.7825423006361, 43.5957518013774], [-79.7825495013141, 43.5957468123919], [-79.7825566946681, 43.5957418179257], [-79.7825638819367, 43.5957368179917], [-79.7825710618632, 43.595731813477], [-79.782578235686, 43.5957268043948], [-79.7825854034235, 43.595721789845], [-79.7825925638188, 43.5957167707144], [-79.7825997181286, 43.5957117461162], [-79.7826068663349, 43.5957067169505], [-79.7826140071991, 43.5957016832041], [-79.7826211419597, 43.5956966448903], [-79.7826282706348, 43.5956916011087], [-79.7826353919859, 43.5956865518463], [-79.7826425072154, 43.5956814989166], [-79.7826496151208, 43.595676440506], [-79.7826567169407, 43.5956713766278], [-79.782663812639, 43.5956663090823], [-79.7826709010314, 43.5956612351557], [-79.7826779833021, 43.5956561575618], [-79.7826850594874, 43.5956510745003], [-79.7826921283305, 43.5956459868581], [-79.7826991898314, 43.5956408946352], [-79.7827062452288, 43.5956357978449], [-79.7827132945408, 43.595630695587], [-79.7827203377673, 43.5956255878613], [-79.7827273736335, 43.5956204764552], [-79.7827344021757, 43.5956153595683], [-79.7827414246143, 43.5956102381139], [-79.7827484409494, 43.595605112092], [-79.7827554499604, 43.5955999805893], [-79.7827624516292, 43.5955948445059], [-79.7827694471945, 43.595589703855], [-79.7827764366563, 43.5955845586368], [-79.782783418794, 43.5955794079376], [-79.7827903948281, 43.595574252671], [-79.7827973635201, 43.5955690928238], [-79.7828043261085, 43.5955639284092], [-79.7828112813728, 43.5955587585137], [-79.7828182305155, 43.5955535849509], [-79.7828251723341, 43.5955484059073], [-79.7828321080673, 43.5955432213961], [-79.7828390364402, 43.5955380332044], [-79.7828459587277, 43.5955328395451], [-79.7828528736548, 43.5955276422053], [-79.7828597812579, 43.5955224393847], [-79.7828666827756, 43.5955172310965], [-79.7828735781716, 43.5955120191411], [-79.7828804662436, 43.5955068017048], [-79.7828873469552, 43.5955015805881], [-79.7828942215814, 43.5954963540038], [-79.7829010888655, 43.5954911228388], [-79.782907950046, 43.5954858871064], [-79.7829148039024, 43.5954806458932], [-79.7829216516372, 43.5954754010128], [-79.7829284920479, 43.5954701506515], [-79.7829353251164, 43.5954648957096], [-79.7829421520632, 43.5954596371005], [-79.782948971686, 43.5954543730106], [-79.7829557852234, 43.5954491034531], [-79.7829625914005, 43.5954438302152], [-79.7829693902354, 43.5954385523966], [-79.7829761829849, 43.5954332691105], [-79.782982968374, 43.5954279821439], [-79.7829897476778, 43.5954226897097], [-79.7829965196393, 43.5954173926949], [-79.7830032842406, 43.5954120919997], [-79.7830100427564, 43.5954067858369], [-79.78301679393, 43.5954014750935], [-79.7830235377615, 43.5953961597695], [-79.7830302754895, 43.595390839878], [-79.7830370058752, 43.5953855154061], [-79.7830437289188, 43.5953801863535], [-79.7830504458769, 43.5953748518332], [-79.7830571554748, 43.5953695136326], [-79.7830638577304, 43.5953641708514], [-79.7830705538826, 43.5953588235028], [-79.7830772427107, 43.5953534706735], [-79.7830839241784, 43.5953481141637], [-79.783090598304, 43.5953427530733], [-79.7830972663442, 43.5953373865154], [-79.7831039270241, 43.595332016277], [-79.7831105816185, 43.5953266405711], [-79.7831172288527, 43.5953212611848], [-79.7831238687447, 43.5953158772179], [-79.7831305013126, 43.5953104877703], [-79.7831371265202, 43.5953050946422], [-79.7831437456243, 43.5952996969468], [-79.7831503573862, 43.5952942946708], [-79.7831569630446, 43.5952888878274], [-79.7831635601221, 43.5952834763902], [-79.7831701511143, 43.5952780594855], [-79.7831767347462, 43.5952726389004], [-79.7831833110177, 43.595267214635], [-79.7831898812039, 43.5952617849019], [-79.7831964440478, 43.5952563505883], [-79.7832029995496, 43.5952509116941], [-79.7832095476911, 43.5952454691196], [-79.7832160885086, 43.5952400210643], [-79.7832226232044, 43.5952345693419], [-79.7832291505761, 43.5952291121386], [-79.7832356705876, 43.595223651255], [-79.7832421832569, 43.5952181857909], [-79.783248688584, 43.5952127157462], [-79.7832551878076, 43.5952072411341], [-79.7832616796709, 43.5952017628417], [-79.7832681642101, 43.5951962790686], [-79.7832746414072, 43.5951907907148], [-79.783281111244, 43.5951852986808], [-79.7832875749773, 43.5951798020794], [-79.7832940301297, 43.5951743008842], [-79.7833004791786, 43.5951687951217], [-79.7833069208673, 43.5951632856789], [-79.7833133552319, 43.5951577707553], [-79.7833197822362, 43.5951522521514], [-79.783326203137, 43.5951467289801], [-79.7833326154569, 43.5951412012151], [-79.7833390216734, 43.5951356688827], [-79.7833454192909, 43.5951301328568], [-79.7833518108231, 43.5951245913634], [-79.7833581949949, 43.5951190461896], [-79.7833645718246, 43.5951134964354], [-79.783370941294, 43.5951079430007], [-79.783377304678, 43.5951023840985], [-79.7833836594631, 43.5950968215029], [-79.7833900069061, 43.5950912543267], [-79.7833963482273, 43.5950856834833], [-79.7834026822246, 43.5950801071593], [-79.7834090076229, 43.5950745271417], [-79.7834153269177, 43.5950689425568], [-79.7834216388704, 43.5950633533914], [-79.7834279434628, 43.5950577605456], [-79.783434240713, 43.5950521631194], [-79.7834405306211, 43.5950465611126], [-79.7834468131689, 43.5950409554255], [-79.7834530883926, 43.5950353442577], [-79.7834593562562, 43.5950297294095], [-79.7834656167594, 43.5950241108811], [-79.7834718699204, 43.5950184877722], [-79.783478116978, 43.5950128600959], [-79.7834843554548, 43.595007227826]], [[-79.5548214522482, 43.6226004206363], [-79.599562960136, 43.5933928050658], [-79.5995699233268, 43.5933882785204], [-79.5995768926046, 43.5933837565513], [-79.5995838679485, 43.5933792400584], [-79.5995908493585, 43.5933747290418], [-79.5995978380941, 43.5933702226166], [-79.5996048316572, 43.5933657216525], [-79.599611832525, 43.5933612261798], [-79.5996188394798, 43.5933567352833], [-79.5996258525007, 43.5933522498631], [-79.5996328716086, 43.5933477690191], [-79.5996398967826, 43.5933432936513], [-79.5996469280228, 43.5933388237598], [-79.5996539653499, 43.5933343584445], [-79.5996610087432, 43.5933298986055], [-79.599668059462, 43.5933254433578], [-79.5996751150085, 43.5933209935711], [-79.5996821778595, 43.593316549276], [-79.5996892467976, 43.593312109557], [-79.5996963205633, 43.5933076752991], [-79.5997034016336, 43.5933032465327], [-79.5997104887909, 43.5932988223423], [-79.5997175807759, 43.5932944036132], [-79.5997246800655, 43.5932899903754], [-79.5997317854212, 43.593285582614], [-79.599738896864, 43.5932811794286], [-79.5997460143937, 43.5932767808194], [-79.5997531379687, 43.5932723885866], [-79.5997602676308, 43.59326800093], [-79.5997674021204, 43.5932636187344], [-79.5997745439147, 43.5932592420303], [-79.5997816917961, 43.5932548699023], [-79.5997888457436, 43.5932505032506], [-79.5997960057571, 43.5932461420751], [-79.5998031718578, 43.5932417854758], [-79.599810342786, 43.5932374343376], [-79.5998175210189, 43.5932330886908], [-79.599824705318, 43.5932287485202], [-79.5998318944447, 43.5932244138108], [-79.5998390908969, 43.5932200836926], [-79.5998462921767, 43.5932157590356], [-79.5998534995228, 43.5932114398547], [-79.5998607141943, 43.5932071252652], [-79.5998679336726, 43.5932028170369], [-79.5998751592379, 43.5931985133848], [-79.5998823908694, 43.5931942152088], [-79.5998896285879, 43.593189921609], [-79.5998968723517, 43.5931856343856], [-79.599904120964, 43.5931813517231], [-79.5999113768809, 43.593177074552], [-79.5999186376256, 43.593172802842], [-79.5999259056748, 43.5931685366235], [-79.5999331785726, 43.5931642749658], [-79.5999404575157, 43.5931600196846], [-79.5999477425458, 43.5931557689795], [-79.5999550324036, 43.5931515237354], [-79.599962329566, 43.5931472839827], [-79.599969631577, 43.593143048791], [-79.5999769396333, 43.5931388199756], [-79.5999842537765, 43.5931345957364], [-79.5999915739651, 43.5931303778735], [-79.5999989002407, 43.5931261645867], [-79.600006231344, 43.593121956761], [-79.6000135697519, 43.5931177544267], [-79.6000209130084, 43.5931135566533], [-79.6000282610717, 43.5931093652412], [-79.6000356164397, 43.5931051793204], [-79.6000429766562, 43.5931009979605], [-79.6000503429388, 43.5930968220769], [-79.6000577152668, 43.5930926525696], [-79.6000650936818, 43.5930884876384], [-79.6000724769245, 43.5930843281683], [-79.6000798674718, 43.5930801741896], [-79.6000872616083, 43.5930760256567], [-79.6000946630704, 43.5930718817151], [-79.6001020693393, 43.5930677441347], [-79.6001094816744, 43.5930636120306], [-79.6001169000965, 43.5930594845024], [-79.6001243245639, 43.5930553633507], [-79.600131753859, 43.59305124766], [-79.6001391892411, 43.5930471365454], [-79.6001466294301, 43.593043031792], [-79.6001540769446, 43.5930389316298], [-79.6001615292869, 43.5930348369286], [-79.6001689864359, 43.5930307485887], [-79.600176449672, 43.5930266648248], [-79.6001839189743, 43.5930225865371], [-79.6001913943218, 43.5930185146258], [-79.600198874518, 43.5930144472754], [-79.6002063607803, 43.5930103854012], [-79.6002138518704, 43.5930063289879], [-79.6002213502442, 43.5930022789663], [-79.6002288522282, 43.5929982334903], [-79.6002363615168, 43.5929941935057], [-79.6002438756123, 43.5929901598823], [-79.6002513945563, 43.5929861308198], [-79.6002589195457, 43.5929821081336], [-79.6002664506221, 43.5929780900235], [-79.6002739877438, 43.5929740782897], [-79.6002815297142, 43.5929700711168], [-79.6002890764913, 43.5929660703051], [-79.6002966293556, 43.5929620740694], [-79.6003041882651, 43.5929580842101], [-79.6003117520024, 43.5929540998118], [-79.6003193218059, 43.5929501208896], [-79.600326896458, 43.5929461465284], [-79.6003344771554, 43.5929421785435], [-79.6003420626806, 43.5929382160196], [-79.600349654251, 43.592934259872], [-79.6003572519086, 43.5929303083005], [-79.6003648543939, 43.59292636219], [-79.600372461686, 43.5929224224407], [-79.6003800750652, 43.5929184872673], [-79.6003876932513, 43.5929145584552], [-79.6003953175245, 43.5929106342191], [-79.600402947843, 43.5929067163593], [-79.6004105829892, 43.5929028039605], [-79.6004182229632, 43.5928988970227], [-79.6004258689825, 43.5928949964613], [-79.6004335198504, 43.5928911004607], [-79.6004411767846, 43.5928872099363], [-79.6004488385256, 43.592883325773], [-79.6004565063328, 43.5928794470859], [-79.6004641789678, 43.5928755738598], [-79.6004718564305, 43.5928717060947], [-79.6004795399595, 43.5928678438058], [-79.6004872282953, 43.592863987878], [-79.6004949227182, 43.5928601365263], [-79.600502621948, 43.5928562915357], [-79.600510327244, 43.5928524520212], [-79.6005180373678, 43.5928486179677], [-79.6005257522984, 43.5928447902754], [-79.6005334733162, 43.5928409671591], [-79.6005411991409, 43.592837150404], [-79.6005489297932, 43.5928333391098], [-79.6005566665119, 43.5928295332918], [-79.6005644080583, 43.5928257329348], [-79.60057215565, 43.592821938954], [-79.6005799068311, 43.5928181504191], [-79.6005876653169, 43.5928143673756], [-79.6005954273919, 43.5928105897778], [-79.6006031955332, 43.5928068176562], [-79.6006109684814, 43.5928030518957], [-79.6006187462574, 43.5927992915962], [-79.6006265300996, 43.5927955367729], [-79.6006343187487, 43.5927917883107], [-79.6006421122465, 43.5927880444093], [-79.6006499117896, 43.5927843068842], [-79.6006577161397, 43.5927805757202], [-79.6006655253384, 43.5927768491171], [-79.6006733405824, 43.5927731288902], [-79.6006811594158, 43.5927694141092], [-79.6006889843155, 43.5927657048043], [-79.600696814022, 43.5927620018605], [-79.6007046497948, 43.5927583043928], [-79.600712489157, 43.592754612371], [-79.6007203345853, 43.5927509258253], [-79.6007281848206, 43.5927472456407], [-79.6007360411222, 43.5927435709322], [-79.6007439010131, 43.5927399016696], [-79.6007517669494, 43.5927362387832], [-79.6007596377135, 43.5927325813578], [-79.6007675132845, 43.5927289302935], [-79.6007753937041, 43.59272528379], [-79.6007832801692, 43.5927216436628], [-79.6007911702236, 43.5927180089814], [-79.6007990663234, 43.5927143806762], [-79.600806967251, 43.5927107578321], [-79.6008148729855, 43.592707141349], [-79.6008227835688, 43.5927035294267], [-79.6008307001974, 43.5926999238807], [-79.6008386203945, 43.5926963246806], [-79.6008465466579, 43.5926927309567], [-79.6008544777491, 43.5926891426937], [-79.6008624124296, 43.5926855598765], [-79.6008703531556, 43.5926819834356], [-79.6008782999478, 43.5926784124707], [-79.6008862503085, 43.5926748478518], [-79.6008942054971, 43.5926712886939], [-79.6009021654925, 43.592667735897], [-79.6009101315752, 43.5926641876761], [-79.6009181012055, 43.5926606467013], [-79.6009260769229, 43.5926571103025], [-79.6009340562088, 43.5926535802495], [-79.6009420415402, 43.5926500565729], [-79.6009500316994, 43.5926465383572], [-79.6009580254479, 43.5926430255872], [-79.6009660252419, 43.5926395191935], [-79.6009740298637, 43.5926360182607], [-79.6009820392925, 43.592632523689], [-79.6009900535491, 43.5926290345783], [-79.6009980713951, 43.5926255509133], [-79.6010060952865, 43.5926220736246], [-79.6010141239849, 43.592618602697], [-79.6010221575321, 43.5926151363301], [-79.6010301946268, 43.5926116772093], [-79.6010382378087, 43.5926082226645], [-79.6010462857768, 43.5926047753808], [-79.6010543373551, 43.5926013326428], [-79.6010623949789, 43.5925978962811], [-79.6010704574096, 43.5925944662804], [-79.6010785234298, 43.5925910417254], [-79.6010865942569, 43.5925876235316], [-79.6010946711503, 43.5925842108138], [-79.6011027516123, 43.592580804442], [-79.6011108369022, 43.592577403531], [-79.6011189270199, 43.592574008081], [-79.6011270219445, 43.5925706189921], [-79.6011351216763, 43.5925672362642], [-79.6011432262358, 43.5925638589972], [-79.6011513343639, 43.5925604880761], [-79.6011594485584, 43.5925571226311], [-79.6011675663214, 43.5925537635321], [-79.6011756901507, 43.5925504099091], [-79.6011838175694, 43.5925470617318], [-79.6011919497743, 43.5925437208158], [-79.6012000855686, 43.5925403853455], [-79.6012082274292, 43.5925370553513], [-79.6012163728584, 43.592533731703], [-79.601224524354, 43.5925304135307], [-79.6012326794181, 43.5925271017043], [-79.6012408380507, 43.5925237962239], [-79.6012490027497, 43.5925204962195], [-79.6012571722558, 43.5925172025761], [-79.6012653453512, 43.5925139143786], [-79.6012735232537, 43.592510632542], [-79.6012817059841, 43.5925073561664], [-79.6012898922831, 43.5925040861366], [-79.6012980846276, 43.5925008224831], [-79.6013062805614, 43.5924975642752], [-79.6013144800639, 43.5924943124133], [-79.6013226856328, 43.5924910660274], [-79.6013308947702, 43.5924878259875], [-79.6013391087146, 43.5924845923086], [-79.601347327487, 43.5924813640905], [-79.6013555510664, 43.5924781422335], [-79.6013637782353, 43.5924749258222], [-79.6013720102112, 43.592471715772], [-79.6013802457557, 43.5924685120677], [-79.6013884861281, 43.5924653138242], [-79.6013967313076, 43.5924621219418], [-79.6014049812942, 43.5924589364204], [-79.6014132348702, 43.5924557563448], [-79.6014214932532, 43.5924525826302], [-79.6014297564642, 43.5924494143764], [-79.6014380232438, 43.5924462524686], [-79.6014462948305, 43.5924430969217], [-79.6014545699858, 43.5924399477208], [-79.6014628512074, 43.5924368039959], [-79.6014711347801, 43.5924336657015], [-79.6014794243775, 43.5924305346835], [-79.6014877175643, 43.5924274091112], [-79.6014960143197, 43.5924242898848], [-79.6015043159031, 43.5924211761193], [-79.6015126222936, 43.5924180687148], [-79.6015209334912, 43.5924149676712], [-79.6015292470189, 43.5924118729585], [-79.601537566613, 43.5924087837217], [-79.6015458897758, 43.5924057008308], [-79.6015542177665, 43.5924026234008], [-79.601562549305, 43.5923995532168], [-79.601570884433, 43.5923964884785], [-79.6015792256065, 43.5923934301164], [-79.6015875691311, 43.5923903771848], [-79.6015959187013, 43.5923873306294], [-79.6016042706016, 43.5923842904047], [-79.6016126285475, 43.5923812565562], [-79.6016209888444, 43.5923782281382], [-79.6016293551869, 43.5923752060964], [-79.6016377238597, 43.5923721903853], [-79.6016460985988, 43.5923691801502], [-79.6016544756473, 43.5923661771459], [-79.6016628587622, 43.5923631796177], [-79.6016712442281, 43.5923601875201], [-79.6016796344804, 43.5923572026835], [-79.6016880295606, 43.5923542233079], [-79.6016964282095, 43.592351250278], [-79.601704830427, 43.592348283594], [-79.6017132374517, 43.5923453232711], [-79.6017216480659, 43.5923423683938], [-79.6017300634873, 43.5923394198776], [-79.6017384824773, 43.5923364777071], [-79.6017469062745, 43.5923335418977], [-79.6017553324227, 43.5923306115188], [-79.6017637646165, 43.5923276875161], [-79.6017721991198, 43.5923247707442], [-79.6017806384718, 43.592321858533], [-79.6017890826102, 43.592318953583], [-79.6017975290996, 43.5923160540635], [-79.6018059803754, 43.5923131618051], [-79.6018144364791, 43.5923102750075], [-79.6018228949131, 43.5923073945407], [-79.6018313581751, 43.5923045195347], [-79.6018398262235, 43.5923016517898], [-79.6018482978613, 43.5922987894906], [-79.6018567730679, 43.5922959335373], [-79.6018652518432, 43.5922930839298], [-79.6018737341872, 43.5922902406681], [-79.6018822213384, 43.5922874037674], [-79.6018907133176, 43.5922845723276], [-79.601899207627, 43.5922817472184], [-79.6019077067437, 43.5922789284702], [-79.601916209429, 43.5922761160678], [-79.6019247156831, 43.5922733100113], [-79.6019332255059, 43.5922705103006], [-79.6019417401359, 43.5922677169508], [-79.6019502583554, 43.5922649290467], [-79.6019587801438, 43.5922621474885], [-79.6019673067393, 43.5922593722913], [-79.601975835665, 43.5922566034247], [-79.601984369398, 43.5922538409191], [-79.6019929066997, 43.5922510847593], [-79.6020014475702, 43.5922483349453], [-79.6020099932687, 43.5922455905922], [-79.6020185412766, 43.5922428534698], [-79.6020270941126, 43.5922401218083], [-79.6020356505174, 43.5922373964926], [-79.6020442104909, 43.5922346775228], [-79.6020527740332, 43.5922319648987], [-79.6020613411442, 43.5922292586205], [-79.6020699130625, 43.5922265587032], [-79.6020784885495, 43.5922238651317], [-79.6020870663877, 43.5922211769908], [-79.6020956490122, 43.592218496111], [-79.6021042352264, 43.5922158206768], [-79.6021128249884, 43.5922131524886], [-79.6021214183401, 43.592210489746], [-79.6021300164991, 43.5922078333644], [-79.6021386169884, 43.5922051833135], [-79.6021472210464, 43.5922025396084], [-79.6021558298908, 43.5921999031644], [-79.6021644411073, 43.5921972712507], [-79.6021730571102, 43.5921946465982], [-79.6021816754434, 43.5921920282763], [-79.6021902985838, 43.5921894163153], [-79.602198925293, 43.5921868107002], [-79.6022075555711, 43.5921842114309], [-79.6022161882003, 43.592181617592], [-79.6022248256159, 43.5921790310143], [-79.6022334666212, 43.5921764498822], [-79.602242109936, 43.5921738759809], [-79.6022507580789, 43.5921713075404], [-79.6022594097697, 43.5921687463459], [-79.6022680650503, 43.592166190597], [-79.6022767226403, 43.5921636420789], [-79.6022853850585, 43.5921610990216], [-79.6022940497861, 43.5921585631951], [-79.6023027193419, 43.5921560328294], [-79.6023113912072, 43.5921535096945], [-79.6023200679007, 43.5921509920204], [-79.6023287469245, 43.592148480677], [-79.6023374294963, 43.5921459765794], [-79.6023461168962, 43.5921434779427], [-79.6023548066057, 43.5921409865367], [-79.6023634999049, 43.5921385005764], [-79.6023721955344, 43.5921360209467], [-79.6023808959504, 43.5921335485782], [-79.6023895999561, 43.5921310816552], [-79.6023983062713, 43.592128621963], [-79.6024070174147, 43.5921261677317], [-79.6024157308677, 43.5921237207311], [-79.6024244479103, 43.5921212791761], [-79.6024331685009, 43.5921188448671], [-79.6024418926605, 43.5921164169039], [-79.6024506191712, 43.5921139943712], [-79.60245934923, 43.5921115790843], [-79.6024680840961, 43.5921091701584], [-79.6024768213135, 43.592106766663], [-79.6024855608404, 43.5921043703984], [-79.6024943051746, 43.5921019804947], [-79.6025030518393, 43.5920995969216], [-79.6025118020729, 43.5920972196944], [-79.6025205558753, 43.5920948488129], [-79.6025293132466, 43.5920924842771], [-79.6025380741869, 43.5920901260872], [-79.6025468374367, 43.592087775128], [-79.6025556042762, 43.5920854296144], [-79.6025643734462, 43.5920830904315], [-79.6025731474027, 43.5920807585096], [-79.6025819237104, 43.5920784320182], [-79.6025907035663, 43.5920761127728], [-79.6025994857525, 43.5920737998579], [-79.6026082715077, 43.5920714932889], [-79.6026170608526, 43.5920691921654], [-79.6026258537456, 43.5920668982878], [-79.6026346489483, 43.5920646116411], [-79.6026434477406, 43.5920623304399], [-79.6026522501019, 43.5920600555846], [-79.6026610547937, 43.5920577870598], [-79.6026698630335, 43.592055525781], [-79.6026786748631, 43.5920532699477], [-79.6026874890023, 43.5920510213453], [-79.6026963067105, 43.5920487790886], [-79.6027051267491, 43.5920465431625], [-79.6027139503567, 43.5920443135822], [-79.6027227775332, 43.5920420903476], [-79.6027316070194, 43.5920398743438], [-79.6027404400953, 43.5920376637856], [-79.6027492767194, 43.5920354604733], [-79.6027581156948, 43.5920332625915], [-79.6027669569798, 43.5920310719405], [-79.6027758018338, 43.5920288876352], [-79.6027846502567, 43.5920267096757], [-79.6027935010102, 43.5920245380467], [-79.6028023553117, 43.5920223736637], [-79.6028112132031, 43.5920202147263], [-79.6028200721657, 43.5920180630045], [-79.6028289359357, 43.5920159176436], [-79.6028378020362, 43.5920137786133], [-79.6028466704673, 43.5920116459136], [-79.6028555424673, 43.5920095195597], [-79.6028644180155, 43.5920074004517], [-79.6028732946765, 43.5920052867589], [-79.6028821761242, 43.5920031803272], [-79.6028910599024, 43.5920010802262], [-79.6028999460111, 43.5919989864557], [-79.6145392293879, 43.5892607274801], [-79.6145489653757, 43.5892584324086], [-79.6145586990304, 43.5892561310052], [-79.6145684303522, 43.58925382327], [-79.6145781581026, 43.5892515091877], [-79.6145878835407, 43.5892491878733], [-79.6145976053866, 43.5892468611122], [-79.6146073249203, 43.589244527119], [-79.614617042121, 43.5892421867939], [-79.6146267545324, 43.5892398392067], [-79.6146364658287, 43.5892374862028], [-79.6146461723151, 43.5892351268369], [-79.6146558777275, 43.5892327602539], [-79.6146655783302, 43.589230387309], [-79.6146752765997, 43.5892280080321], [-79.6146849725363, 43.5892256224234], [-79.6146946649015, 43.5892232304677], [-79.6147043537159, 43.5892208312649], [-79.6147140401766, 43.5892184266304], [-79.6147237243249, 43.5892160147638], [-79.6147334036633, 43.5892135965353], [-79.6147430806687, 43.5892111719749], [-79.6147527553411, 43.5892087410825], [-79.6147624264421, 43.5892063038432], [-79.6147720939715, 43.589203860257], [-79.6147817591886, 43.5892014094388], [-79.6147914208136, 43.5891989531737], [-79.6148010801262, 43.5891964896766], [-79.6148107346288, 43.5891940198176], [-79.6148203880369, 43.5891915436417], [-79.6148300366351, 43.5891890611038], [-79.6148396829002, 43.5891865722341], [-79.6148493255938, 43.5891840770174], [-79.6148589659544, 43.5891815754689], [-79.6148686027641, 43.5891790666732], [-79.6148782359817, 43.5891765524308], [-79.6148878656484, 43.5891740309413], [-79.6148974929821, 43.58917150312], [-79.6149071167443, 43.5891689689517], [-79.6149167381734, 43.5891664284515], [-79.6149263547926, 43.5891638815894], [-79.6149359690787, 43.5891613283954], [-79.6149455810317, 43.5891587688695], [-79.6149551881748, 43.5891562029817], [-79.6149647930055, 43.5891536298618], [-79.614974394244, 43.5891510512952], [-79.6149839919109, 43.5891484663817], [-79.6149935872654, 43.5891458742361], [-79.6150031790484, 43.5891432757436], [-79.6150127672393, 43.5891406718044], [-79.6150223518792, 43.5891380606181], [-79.6150319329477, 43.5891354430849], [-79.615041511683, 43.5891328192199], [-79.6150510868467, 43.5891301890079], [-79.615060658439, 43.5891275524491], [-79.6150702264597, 43.5891249095433], [-79.6150797921473, 43.5891222603056], [-79.6150893530249, 43.5891196047061], [-79.6150989115694, 43.5891169427746], [-79.6151084665423, 43.5891142744963], [-79.6151180179437, 43.5891115998711], [-79.6151275657942, 43.5891089179988], [-79.6151371112909, 43.5891062306948], [-79.6151466519777, 43.5891035370289], [-79.6151561903519, 43.589100836131], [-79.6151657238955, 43.5890981297713], [-79.6151752551059, 43.5890954170797], [-79.6151847827655, 43.5890926971411], [-79.6151943080712, 43.5890899717708], [-79.6152038285876, 43.5890872391384], [-79.6152133455118, 43.5890845010593], [-79.615222858885, 43.5890817557332], [-79.6152323699044, 43.5890790049753], [-79.6152418761345, 43.5890762469554], [-79.6152513800107, 43.5890734835038], [-79.6152608803154, 43.5890707137053], [-79.6152703758307, 43.5890679366447], [-79.6152798689922, 43.5890651541525], [-79.6152893586027, 43.5890623644132], [-79.615298844621, 43.5890595692272], [-79.6153083270883, 43.5890567667941], [-79.6153178059634, 43.5890539589143], [-79.6153272812669, 43.5890511446877], [-79.615336751781, 43.589048323199], [-79.6153462199412, 43.5890454962786], [-79.6153556845299, 43.5890426630114], [-79.6153651455675, 43.5890398224971], [-79.615374603013, 43.5890369765361], [-79.6153840568867, 43.5890341242282], [-79.6153935071889, 43.5890312655735], [-79.6154029539194, 43.5890284005719], [-79.61541239584, 43.5890255292084], [-79.6154218354272, 43.589022651513], [-79.6154312714429, 43.5890197674708], [-79.6154407026485, 43.5890168770668], [-79.6154501315209, 43.5890139803308], [-79.6154595555626, 43.5890110781332], [-79.6154689772917, 43.5890081687036], [-79.6154783942107, 43.589005252912], [-79.6154878075375, 43.5890023316738], [-79.6154972173132, 43.5889994031886], [-79.6155066234967, 43.5889964692566], [-79.6155160261085, 43.5889935289778], [-79.6155254251692, 43.588990581452], [-79.6155348206377, 43.5889876284795], [-79.6155442112961, 43.5889846691451], [-79.6155535996213, 43.5889817034789], [-79.6155629831364, 43.5889787314509], [-79.6155723630798, 43.588975753076], [-79.6155817394309, 43.5889727692543], [-79.615591112231, 43.5889697781857], [-79.6156004802003, 43.5889667816554], [-79.615609845857, 43.5889637778931], [-79.615619206683, 43.5889607686691], [-79.6156285639373, 43.5889577530982], [-79.6156379176199, 43.5889547311805], [-79.6156472677309, 43.588951702916], [-79.6156566130317, 43.5889486682895], [-79.6156659547608, 43.5889456273163], [-79.6156752928976, 43.5889425808964], [-79.6156846274627, 43.5889395281296], [-79.6156939584768, 43.5889364681159], [-79.6157032846601, 43.5889334026404], [-79.6157126072717, 43.5889303308181], [-79.6157219263116, 43.588927252649], [-79.6157312405207, 43.5889241690182], [-79.6157405524171, 43.5889210781554], [-79.6157498594829, 43.5889179818309], [-79.6157591629975, 43.5889148782595], [-79.6157684616813, 43.5889117692263], [-79.6157777567935, 43.5889086538463], [-79.6157870483133, 43.5889055330197], [-79.615796336282, 43.5889024049461], [-79.6158056194199, 43.5888992714108], [-79.6158148990067, 43.5888961306285], [-79.6158241750012, 43.5888929843995], [-79.6158334461855, 43.5888898318087], [-79.6158427137775, 43.5888866737713], [-79.6158519778183, 43.5888835084868], [-79.6158612370284, 43.5888803377407], [-79.6158704926667, 43.5888771606478], [-79.6158797434949, 43.588873977193], [-79.6158889919897, 43.5888707874064], [-79.6158982356744, 43.588867591258], [-79.6159074745283, 43.588864389648], [-79.6159167098104, 43.5888611816911], [-79.6159259415207, 43.5888579673874], [-79.6159351684209, 43.5888547467219], [-79.6159443917288, 43.5888515206097], [-79.6159536114854, 43.5888482872506], [-79.6159628264113, 43.5888450484298], [-79.615972036527, 43.5888418032472], [-79.6159812442887, 43.5888385526329], [-79.6159904460224, 43.5888352947417], [-79.6159996454022, 43.5888320314188], [-79.6160088399717, 43.5888287617341], [-79.6160180297105, 43.5888254865878], [-79.6160272158981, 43.5888222041945], [-79.6160363984933, 43.5888189163545], [-79.6160455762783, 43.5888156221528], [-79.6160547504914, 43.5888123216042], [-79.6160639198738, 43.588809015594], [-79.616073084446, 43.588805703222], [-79.6160822454464, 43.5888023845032], [-79.6160914028749, 43.5887990594376], [-79.6161005554727, 43.5887957289103], [-79.6161097044986, 43.5887923920363], [-79.6161188487144, 43.5887890488004], [-79.6161279893377, 43.5887857001179], [-79.6161371251714, 43.5887823441735], [-79.6161462561743, 43.5887789827674], [-79.6161553835847, 43.5887756159147], [-79.616164507444, 43.5887722418151], [-79.616173625234, 43.5887688622388], [-79.6161827406905, 43.5887654763307], [-79.6161918513163, 43.588762084961], [-79.6162009571318, 43.5887586872295], [-79.616210058137, 43.5887552831362], [-79.6162191555705, 43.5887518726961], [-79.6162282494114, 43.5887484568094], [-79.6162373372038, 43.588745034546], [-79.6162464226421, 43.5887416068508], [-79.6162555020524, 43.5887381718788], [-79.6162645778702, 43.5887347314601], [-79.6162736500955, 43.5887312855948], [-79.6162827162722, 43.5887278333528], [-79.6162917788771, 43.5887243747639], [-79.61630083791, 43.5887209098283], [-79.6163098921122, 43.588717439431], [-79.616318941504, 43.588713962672], [-79.6163279860857, 43.5887104795512], [-79.6163370270748, 43.5887069909838], [-79.6163460632537, 43.5887034960547], [-79.6163550958401, 43.5886999956789], [-79.6163641223778, 43.5886964889263], [-79.6163731453436, 43.588692975827], [-79.616382164717, 43.588689457281], [-79.6163911792801, 43.5886859323734], [-79.6164001890329, 43.5886824011039], [-79.6164091939549, 43.5886788643728], [-79.6164181940665, 43.58867532128], [-79.6164271905857, 43.5886717727406], [-79.6164361822945, 43.5886682178393], [-79.6164451704316, 43.5886646565914], [-79.6164541524992, 43.5886610898668], [-79.616463130995, 43.5886575167955], [-79.6164721046599, 43.5886539382626], [-79.6164810735352, 43.5886503524678], [-79.6164900387973, 43.5886467621265], [-79.616498999249, 43.5886431654235], [-79.6165079548906, 43.5886395623587], [-79.6165169057011, 43.5886359538323], [-79.6165258517014, 43.5886323389442], [-79.6165347941298, 43.5886287177094], [-79.6165437317273, 43.5886250910129], [-79.6165526645144, 43.5886214579547], [-79.6165615924706, 43.5886178194349], [-79.616570515596, 43.5886141754536], [-79.61657943517, 43.5886105242253], [-79.6165883486746, 43.5886068675204], [-79.6165972585868, 43.588603205369], [-79.6166061636886, 43.5885995368558], [-79.6166150639595, 43.588595862881], [-79.6166239606585, 43.5885921825595], [-79.6166328513087, 43.5885884958613], [-79.6166417383664, 43.5885848037165], [-79.6166506193548, 43.5885811060951], [-79.6166594967918, 43.5885774012268], [-79.6166683693773, 43.5885736917971], [-79.6166772371525, 43.5885699760056], [-79.6166861001172, 43.5885662538525], [-79.6166949582511, 43.5885625262377], [-79.616703812813, 43.5885587922763], [-79.6167126613056, 43.5885550528382], [-79.6167215049672, 43.5885513079387], [-79.6167303450569, 43.5885475566923], [-79.6167391790978, 43.5885437990693], [-79.6167480095462, 43.5885400359997], [-79.6167568351842, 43.5885362665683], [-79.6167656547529, 43.5885324916604], [-79.616774470729, 43.588528711306], [-79.6167832818947, 43.5885249245898], [-79.61679208825, 43.5885211315119], [-79.616800888536, 43.5885173329575], [-79.6168096852295, 43.5885135289565], [-79.6168184771125, 43.5885097185938], [-79.6168272641646, 43.5885059027695], [-79.6168360464063, 43.5885020805835], [-79.6168448238171, 43.588498252936], [-79.6168535951791, 43.5884944189118], [-79.6168623629485, 43.5884905794409], [-79.6168711258868, 43.5884867345086], [-79.6168798840149, 43.5884828832146], [-79.6168886360735, 43.588479026444], [-79.6168973845602, 43.5884751633267], [-79.6169061282159, 43.5884712947478], [-79.6169148658228, 43.5884674197923], [-79.6169235998371, 43.5884635393902], [-79.616932327782, 43.5884596535116], [-79.6169410521548, 43.5884557612863], [-79.6169497704584, 43.5884518635844], [-79.6169584839515, 43.5884479595209], [-79.6169671926137, 43.5884440499958], [-79.6169758964448, 43.5884401350092], [-79.6169845954655, 43.5884362136609], [-79.6169932896552, 43.588432286851], [-79.6170019777755, 43.5884283545647], [-79.6170106623238, 43.5884244159316], [-79.6170193408028, 43.588420471822], [-79.6170280157097, 43.5884165213657], [-79.6170366845471, 43.5884125654329], [-79.6170453485536, 43.5884086040386], [-79.6170540077497, 43.5884046362826], [-79.6170626608763, 43.5884006630501], [-79.6170713104103, 43.5883966843711], [-79.6170799538956, 43.5883926993153], [-79.6170885925498, 43.5883887087981], [-79.6170972263935, 43.5883847119192], [-79.6171058553857, 43.5883807104789], [-79.6171144795674, 43.5883767026769], [-79.6171230977003, 43.5883726884983], [-79.6171317122199, 43.5883686697733], [-79.6171403206908, 43.5883646446717], [-79.6171489231128, 43.5883606131933], [-79.6171575219216, 43.5883565771687], [-79.6171661146815, 43.5883525347673], [-79.6171747038694, 43.5883484860193], [-79.6171832857289, 43.58834443268], [-79.6171918640163, 43.588340372994], [-79.6172004374727, 43.5883363078464], [-79.6172090048597, 43.5883322372224], [-79.6172175674362, 43.5883281602368], [-79.6172261239432, 43.5883240777746], [-79.6172346768577, 43.5883199898659], [-79.6172432237232, 43.5883158955806], [-79.6172517644988, 43.5883117967189], [-79.6172603017022, 43.5883076915106], [-79.6172688328569, 43.5883035799257], [-79.6172773591598, 43.5882994637793], [-79.6172858806524, 43.5882953412714], [-79.6172943960754, 43.5882912132869], [-79.6173029066674, 43.588287079841], [-79.617311412449, 43.5882829400334], [-79.6173199121405, 43.5882787956495], [-79.6173284070215, 43.588274644904], [-79.6173368970921, 43.5882704877968], [-79.6173453810726, 43.5882663261133], [-79.6173538602426, 43.5882621580681], [-79.6173623333226, 43.5882579854466], [-79.6173708028305, 43.5882538064785], [-79.6173792662895, 43.5882496211338], [-79.6173877236585, 43.5882454312127], [-79.617396176217, 43.58824123493], [-79.6174046239445, 43.5882370331858], [-79.6174130656024, 43.5882328259652], [-79.6174215024293, 43.5882286132831], [-79.6174299344251, 43.5882243951395], [-79.617438360372, 43.5882201706193], [-79.6174467802289, 43.5882159415228], [-79.6174551965136, 43.5882117060796], [-79.6174636067289, 43.58820746516], [-79.6174720108953, 43.5882032178638], [-79.61748041021, 43.5881989660062], [-79.6174888034553, 43.5881947086722], [-79.6174971931284, 43.5881904449916], [-79.6175055754937, 43.5881861758195], [-79.6175139530278, 43.588181901186], [-79.6175223257309, 43.588177621091], [-79.6175306923645, 43.5881733355196], [-79.6175390541876, 43.5881690435865], [-79.6175474099206, 43.5881647470772], [-79.6175557608431, 43.5881604442062], [-79.6175641069139, 43.588156136774], [-79.6175724456974, 43.5881518229501], [-79.6175807808882, 43.5881475036798], [-79.6175891087712, 43.5881431789181], [-79.6175974330614, 43.5881388487099], [-79.6176057500643, 43.5881345121101], [-79.617614063454, 43.588130170964], [-79.6176223695357, 43.5881258243265], [-79.6176306708069, 43.5881214713274], [-79.6176389672264, 43.588117113767], [-79.617647257597, 43.58811274983], [-79.6176555431365, 43.5881083804315], [-79.6176638225858, 43.5881040064568], [-79.6176720959863, 43.5880996261055], [-79.6176803645556, 43.5880952402928], [-79.6176886270555, 43.5880908490036], [-79.6176968847242, 43.5880864522531], [-79.6177051363234, 43.5880820500261], [-79.6177133818531, 43.5880776423226], [-79.6177216225517, 43.5880732291577], [-79.6177298571808, 43.5880688105164], [-79.6177380869993, 43.5880643855136], [-79.6177463107278, 43.5880599559344], [-79.6177545283867, 43.5880555208789], [-79.6177627412144, 43.5880510803619], [-79.6177709479727, 43.5880466343685], [-79.6177791499204, 43.5880421820136], [-79.617787345778, 43.5880377250823], [-79.6177955355661, 43.5880332626747], [-79.6178037192847, 43.5880287947907], [-79.6178118981927, 43.588024320545], [-79.617820072249, 43.5880198417381], [-79.6178282389974, 43.5880153574399], [-79.6178364009147, 43.5880108676802], [-79.6178445567624, 43.5880063724441], [-79.6178527077996, 43.5880018708464], [-79.6178608527466, 43.5879973646725], [-79.6178689916241, 43.5879928530222], [-79.6178771244321, 43.5879883358956], [-79.6178852524089, 43.5879838133074], [-79.6178933742956, 43.5879792861431], [-79.6179014901334, 43.5879747526022], [-79.6179096011401, 43.5879702135999], [-79.6179177048387, 43.5879656691062], [-79.6179258049241, 43.5879611200663], [-79.6179338977221, 43.5879565646348], [-79.61794198443, 43.5879520046272], [-79.6179500663273, 43.5879474382579], [-79.6179581421345, 43.5879428673124], [-79.6179662131105, 43.5879382909055], [-79.6179742767786, 43.5879337090073], [-79.6179823356156, 43.5879291216477], [-79.617990388383, 43.5879245288117], [-79.6179984350808, 43.5879199304993], [-79.6180064769475, 43.5879153267255], [-79.6180145114857, 43.5879107183605], [-79.6180225412133, 43.587906103634], [-79.6180305648508, 43.5879014843312], [-79.6180385824186, 43.5878968595521], [-79.6180465951554, 43.5878922293116], [-79.6180546005842, 43.5878875935798], [-79.6180626011818, 43.5878829523865], [-79.6180705956893, 43.5878783066171], [-79.6180785841479, 43.5878736544711], [-79.6180865665163, 43.587868997749], [-79.6180945428151, 43.5878643355504], [-79.6181025142827, 43.5878596678905], [-79.6181104784425, 43.5878549947393], [-79.6181184377504, 43.5878503170268], [-79.6181263910094, 43.5878456329378], [-79.6181343381782, 43.5878409442726], [-79.6181422792775, 43.5878362501311], [-79.6181502155456, 43.5878315505282], [-79.6181581445057, 43.5878268454339], [-79.6181660673757, 43.5878221357635], [-79.6181739854145, 43.5878174206317], [-79.6181818973838, 43.5878127000235], [-79.6181898020451, 43.5878079739241], [-79.6181977018752, 43.5878032423632], [-79.6182055956152, 43.5877985062262], [-79.6182134832856, 43.5877937646128], [-79.6182213648864, 43.5877890175231], [-79.6182292404177, 43.587784264957], [-79.6182371098588, 43.5877795078148], [-79.6182449732303, 43.5877747451962], [-79.6182528317706, 43.5877699771163], [-79.618260683003, 43.587765203545], [-79.6182685281453, 43.5877604253976], [-79.6182763672179, 43.5877556417739], [-79.6182842014594, 43.5877508526887], [-79.6182920283929, 43.5877460581123], [-79.6182998504746, 43.5877412589747], [-79.6183076652484, 43.5877364543458], [-79.6183154739525, 43.5877316442406], [-79.618323277805, 43.5877268295741], [-79.6183310743494, 43.5877220094164], [-79.6183388648243, 43.5877171837823], [-79.6183466504474, 43.5877123535871], [-79.6183544287625, 43.5877075179005], [-79.618362201008, 43.5877026767377], [-79.6183699684223, 43.5876978301135], [-79.6183777285081, 43.5876929788982], [-79.6183854825243, 43.5876881222065], [-79.6183932304709, 43.5876832600385], [-79.6184009723274, 43.5876783932944], [-79.6184087081142, 43.587673521074], [-79.618416437811, 43.5876686442774], [-79.618424161438, 43.5876637620045], [-79.6184318789956, 43.5876588742553], [-79.6184395892245, 43.587653981915], [-79.6184472946223, 43.5876490841133], [-79.6184549927121, 43.5876441808204], [-79.6184626859501, 43.5876392729663], [-79.6184703718801, 43.5876343596209], [-79.6184780517405, 43.5876294407992], [-79.6184857255108, 43.5876245174014], [-79.6184933932115, 43.5876195885273], [-79.618501054822, 43.587614655077], [-79.6185087103629, 43.5876097161505], [-79.6185163585958, 43.5876047717327], [-79.6185240019769, 43.5875998227537], [-79.6185316380295, 43.5875948691836], [-79.618539268033, 43.587589909237], [-79.6185468919258, 43.5875849456145], [-79.6185545097696, 43.5875799756155], [-79.6185621215232, 43.5875750010404], [-79.6185697259483, 43.5875700218743], [-79.6185773255421, 43.5875650372468], [-79.6185849178279, 43.587560047128], [-79.6185925040236, 43.5875550524331], [-79.6186000841497, 43.587550052262], [-79.6186076569472, 43.5875450474997], [-79.6186152249135, 43.5875400372762], [-79.6186227855512, 43.5875350224615], [-79.6186303401193, 43.5875300021706], [-79.6186378873589, 43.5875249772886], [-79.6186454297672, 43.5875199469452], [-79.618652964847, 43.5875149120108], [-79.6186604938572, 43.5875098716002], [-79.6186680167771, 43.5875048266134], [-79.6186755336275, 43.5874997761503], [-79.6186830431494, 43.5874947210962], [-79.6186905466016, 43.5874896605658], [-79.6186980439636, 43.5874845954593], [-79.6187055352561, 43.5874795248765], [-79.6187130192199, 43.5874744497026], [-79.6187204971142, 43.5874693690525], [-79.6187279689182, 43.5874642838263], [-79.6187354333937, 43.587459194009], [-79.6187428917996, 43.5874540987155], [-79.6187503441359, 43.5874489979457], [-79.618757790382, 43.5874438925998], [-79.6187652292996, 43.5874387826629], [-79.6187726621475, 43.5874336672497], [-79.6187800889052, 43.5874285472604], [-79.6187875083344, 43.58742342268], [-79.6187949229323, 43.5874182926383], [-79.6188023289839, 43.5874131570905], [-79.6188097301631, 43.5874080178817], [-79.6188171240548, 43.5874028722816], [-79.6188245105974, 43.5873977229905], [-79.6188318923088, 43.5873925682381], [-79.6188392666917, 43.5873874088948], [-79.6188466350049, 43.5873822440751], [-79.6188539959895, 43.5873770746645], [-79.6188613509046, 43.5873718997775], [-79.6188686984704, 43.5873667211997], [-79.6188760412051, 43.5873615371607], [-79.6188833753934, 43.5873563476154], [-79.6188907047298, 43.5873511535091], [-79.6188980267377, 43.5873459548117], [-79.618905342676, 43.5873407506381], [-79.6189126512651, 43.5873355427735], [-79.6189199538053, 43.5873303285327], [-79.6189272489962, 43.5873251106009], [-79.6189345381175, 43.5873198871929], [-79.6189418211487, 43.5873146592089], [-79.6189490968513, 43.5873094266337], [-79.6189563664842, 43.5873041885824], [-79.6189636287886, 43.5872989459401], [-79.6189708850234, 43.5872936978215], [-79.618978133909, 43.5872884460121], [-79.618985376725, 43.5872831887264], [-79.6189926134508, 43.5872779268647], [-79.6189998428687, 43.5872726595118], [-79.6190070661757, 43.587267388483], [-79.6190142821748, 43.5872621119631], [-79.6190214921042, 43.5872568299669], [-79.6190286946845, 43.5872515442799], [-79.6190358911952, 43.5872462531166], [-79.6190430803774, 43.5872409573623], [-79.6190502634692, 43.587235657032], [-79.6190574392532, 43.5872303512106], [-79.6190646089263, 43.5872250417132], [-79.6190717712915, 43.5872197267246], [-79.6190789263281, 43.5872144071451], [-79.6190860765335, 43.5872090821043], [-79.6190932181513, 43.5872037533577], [-79.6191003549379, 43.5871984191499], [-79.6191074831575, 43.5871930803361], [-79.619114605287, 43.5871877369463], [-79.6191217213262, 43.5871823889804], [-79.6191288300575, 43.5871770355234], [-79.6191359314602, 43.5871716774753], [-79.6191430267521, 43.5871663157514], [-79.6191501159744, 43.5871609485513], [-79.6191571966504, 43.5871555758451], [-79.6191642724539, 43.587150199478], [-79.6191713396905, 43.5871448185049], [-79.6191784008575, 43.5871394320557], [-79.6191854559343, 43.5871340410304], [-79.6191925036825, 43.5871286454141], [-79.6191995441022, 43.5871232452068], [-79.6192065784316, 43.5871178404236], [-79.6192136054325, 43.5871124310493], [-79.6192206251254, 43.5871070161839], [-79.6192276387076, 43.5871015976426], [-79.6192346462201, 43.5870961736252], [-79.6192416451451, 43.5870907459019], [-79.6192486380005, 43.5870853127025], [-79.6192556247657, 43.5870798749271], [-79.6192626042023, 43.5870744325607], [-79.6192695763104, 43.5870689856034], [-79.6192765410899, 43.587063534055], [-79.6192834997792, 43.5870580779307], [-79.6192904511605, 43.5870526163152], [-79.619297396431, 43.5870471510239], [-79.619304334373, 43.5870416811416], [-79.6193112650071, 43.5870362057682], [-79.6193181882919, 43.587030726704], [-79.6193251055072, 43.5870252421636], [-79.6193320153732, 43.5870197539324], [-79.6193389191697, 43.587014260225], [-79.6193458156171, 43.5870087628269], [-79.6193527047565, 43.5870032599376], [-79.6193595865673, 43.5869977524574], [-79.6193664622673, 43.5869922413014], [-79.6193733306593, 43.5869867246542], [-79.6193801917022, 43.5869812043162], [-79.6193870466755, 43.5869756785021], [-79.6193938943203, 43.5869701480971], [-79.6194007346159, 43.5869646140012], [-79.6194075676035, 43.5869590744142], [-79.6194143944804, 43.5869535311514], [-79.6194212140492, 43.5869479823976], [-79.619428026269, 43.5869424299529], [-79.6194348311808, 43.5869368720171], [-79.6194416299817, 43.5869313104055], [-79.6194484214542, 43.5869257442029], [-79.6194552055981, 43.5869201734094], [-79.6194619836723, 43.5869145971398], [-79.6194687531591, 43.5869090171645], [-79.6194755165557, 43.5869034326131], [-79.6194822726032, 43.586897844371], [-79.6194890213426, 43.5868922506378], [-79.6194957639919, 43.5868866523286], [-79.6195024993126, 43.5868810494285], [-79.6195092260459, 43.5868754428227], [-79.6195159466889, 43.5868698316409], [-79.6347565671238, 43.5741293872585], [-79.6347652364455, 43.574122142593], [-79.6347739143505, 43.574114901631], [-79.6347825983219, 43.5741076661432], [-79.6347912896182, 43.5741004352442], [-79.6347999882597, 43.5740932080339], [-79.6348086942261, 43.5740859854124], [-79.6348174074971, 43.57407876828], [-79.6348261268751, 43.5740715548214], [-79.634834853578, 43.5740643459517], [-79.6348435876057, 43.5740571416707], [-79.6348523277203, 43.5740499419639], [-79.6348610763978, 43.5740427468606], [-79.6348698311824, 43.5740355554312], [-79.6348785932715, 43.5740283694908], [-79.6348873626855, 43.5740211881392], [-79.6348961382067, 43.5740140104615], [-79.6349049210323, 43.5740068382727], [-79.6349137112032, 43.5739996697726], [-79.6349225086785, 43.5739925067615], [-79.634931312261, 43.5739853474243], [-79.634940123148, 43.573978193576], [-79.6349489413802, 43.5739710434164], [-79.6349577669373, 43.5739638978456], [-79.6349665985608, 43.5739567577489], [-79.6349754375295, 43.5739496213409], [-79.634984283823, 43.5739424895217], [-79.6349931362033, 43.5739353622766], [-79.6350019971263, 43.5739282405351], [-79.6350108641563, 43.5739211224676], [-79.6350197372731, 43.573914008974], [-79.6350286177148, 43.5739069000692], [-79.635037505461, 43.5738997966534], [-79.6350464005524, 43.5738926969262], [-79.6350553017305, 43.573885601773], [-79.6350642114513, 43.5738785121236], [-79.635073126041, 43.5738714261332], [-79.6350820491937, 43.5738643447464], [-79.6350909784129, 43.5738572688337], [-79.6350999149772, 43.5738501966097], [-79.635108857608, 43.5738431298598], [-79.6351178075839, 43.5738360667985], [-79.6351267648644, 43.5738290092262], [-79.6351357282519, 43.5738219553277], [-79.635144698944, 43.5738149069181], [-79.635153676961, 43.5738078630973], [-79.6351626610647, 43.5738008238505], [-79.6351716525136, 43.5737937882923], [-79.635180651267, 43.573786758223], [-79.6351896561071, 43.5737797327277], [-79.6351986682518, 43.5737727127213], [-79.6352076877417, 43.5737656964036], [-79.6352167133183, 43.5737586846598], [-79.6352257462198, 43.5737516775047], [-79.6352347851877, 43.5737446758239], [-79.6352438314804, 43.5737376787317], [-79.6352528851183, 43.5737306853282], [-79.6352619448227, 43.5737236973987], [-79.6352710118519, 43.5737167140581], [-79.6352800849679, 43.5737097352914], [-79.6352891654087, 43.5737027611134], [-79.6352982531744, 43.5736957915242], [-79.6353073470065, 43.5736888274091], [-79.6353164481837, 43.5736818669826], [-79.6353255554274, 43.5736749120302], [-79.635334669996, 43.5736679616666], [-79.6353437918894, 43.5736610158916], [-79.6353529198695, 43.5736540746907], [-79.6353620551745, 43.5736471380785], [-79.6353711965459, 43.5736402069404], [-79.6353803452625, 43.5736332794908], [-79.6353895000456, 43.5736263575154], [-79.6353986621534, 43.5736194401287], [-79.6354078303481, 43.5736125273159], [-79.6354170058675, 43.5736056190919], [-79.6354261886915, 43.5735987163567], [-79.6354353776226, 43.5735918172954], [-79.6354445726201, 43.5735849237081], [-79.6354537761805, 43.5735780347243], [-79.6354629845896, 43.5735711502997], [-79.6354722003033, 43.573564271364], [-79.635481423362, 43.5735573961167], [-79.6354906524873, 43.5735505263436], [-79.6354998889373, 43.5735436611593], [-79.6355091314538, 43.573536801449], [-79.6355183813155, 43.5735299454272], [-79.6355276372436, 43.5735230948795], [-79.6355369004965, 43.5735162489205], [-79.6355461698362, 43.5735094075355], [-79.6355554465007, 43.5735025707391], [-79.6355647292317, 43.5734957394168], [-79.6355740192875, 43.5734889126833], [-79.6355833154301, 43.5734820905236], [-79.6355926176594, 43.5734752729379], [-79.6356019271932, 43.573468460841], [-79.6356112440519, 43.5734616533328], [-79.6356205669973, 43.5734548503985], [-79.6356298972676, 43.5734480520528], [-79.6356392323662, 43.5734412591665], [-79.6356485760277, 43.5734344708837], [-79.635657925776, 43.5734276871747], [-79.6356672815908, 43.5734209089398], [-79.6356766447304, 43.5734141352936], [-79.6356860139567, 43.5734073662213], [-79.6356953892698, 43.5734006017228], [-79.6357047718874, 43.5733938427132], [-79.6357141618298, 43.5733870882923], [-79.635723557859, 43.5733803384453], [-79.6357329599547, 43.5733735940723], [-79.6357423693752, 43.573366854288], [-79.6357517848824, 43.5733601190776], [-79.635761206456, 43.5733533893412], [-79.6357706353546, 43.5733466641935], [-79.6357800703398, 43.5733399436197], [-79.6357895126499, 43.5733332276345], [-79.6357989610265, 43.5733265171233], [-79.6358084167279, 43.5733198112009], [-79.6358178784957, 43.5733131107524], [-79.6358273463503, 43.5733064148779], [-79.6358368202916, 43.5732997235772], [-79.6358463015375, 43.5732930377653], [-79.6358557901082, 43.573286356542], [-79.6358652847657, 43.5732796798927], [-79.6358747854896, 43.5732730087173], [-79.6358842923002, 43.5732663421158], [-79.6358938064154, 43.5732596810032], [-79.6359033266376, 43.5732530235642], [-79.635912852906, 43.5732463724994], [-79.6359223865196, 43.5732397251231], [-79.6359319261995, 43.5732330832208], [-79.635941473184, 43.5732264468073], [-79.6359510262756, 43.5732198140674], [-79.6359605854133, 43.5732131877018], [-79.6359701506581, 43.5732065650099], [-79.6359797232074, 43.5731999478067], [-79.6359893018232, 43.5731933360775], [-79.6359988877638, 43.573186728937], [-79.636008478553, 43.5731801263555], [-79.6360180766672, 43.5731735283627], [-79.6360276820655, 43.5731669367588], [-79.6360372923328, 43.5731603488138], [-79.6360469099046, 43.5731537663575], [-79.636056533543, 43.5731471893753], [-79.6360661645264, 43.5731406160815], [-79.636075801556, 43.5731340491619], [-79.6360854446724, 43.5731274868161], [-79.6360950938755, 43.5731209290441], [-79.6361047504034, 43.5731143758608], [-79.6361144117394, 43.5731078290368], [-79.6361240816587, 43.573101285916], [-79.6361337564063, 43.5730947482544], [-79.6361434384585, 43.5730882160817], [-79.6361531253593, 43.5730816884679], [-79.636162820823, 43.5730751654575], [-79.6361725211152, 43.5730686479063], [-79.6361822274738, 43.5730621358291], [-79.6361919411572, 43.5730556283405], [-79.6362016609274, 43.5730491254257], [-79.6362113880021, 43.5730426279996], [-79.6362211199052, 43.5730361360328], [-79.6362308591332, 43.5730296486545], [-79.6362406044479, 43.57302316585], [-79.6362503558291, 43.5730166885195], [-79.6362601132767, 43.573010216663], [-79.6362698780492, 43.5730037493951], [-79.6362796476704, 43.5729972866861], [-79.6362894245961, 43.5729908294659], [-79.6362992075883, 43.5729843777197], [-79.6363089979053, 43.572977930562], [-79.6363187930507, 43.5729714888635], [-79.6363285955209, 43.5729650517536], [-79.6363384040576, 43.5729586201176], [-79.6363482186811, 43.5729521930554], [-79.6363580393711, 43.5729457714672], [-79.6363678661478, 43.5729393544528], [-79.6363777002291, 43.572932942927], [-79.6363875391387, 43.5729265368605], [-79.6363973853732, 43.5729201353825], [-79.6364072376742, 43.5729137393784], [-79.6364170960619, 43.5729073479481], [-79.6364269605161, 43.5729009619918], [-79.6364368322952, 43.572894580624], [-79.6364467089026, 43.5728882047154], [-79.6364565928146, 43.5728818342955], [-79.6364664828134, 43.5728754684493], [-79.6364763788787, 43.5728691080771], [-79.6364862810307, 43.5728627522786], [-79.6364961892492, 43.5728564019541], [-79.6365061035341, 43.5728500571035], [-79.6365160239059, 43.5728437168267], [-79.6365259515822, 43.5728373820385], [-79.6365358840869, 43.5728310527096], [-79.6365458239164, 43.5728247279691], [-79.6365557685744, 43.5728184086878], [-79.6365657205572, 43.572812093995], [-79.6365756786065, 43.5728057847761], [-79.6365856427222, 43.5727994810312], [-79.6365956129248, 43.5727931818599], [-79.6366055891938, 43.5727868881626], [-79.6366155715496, 43.5727805990391], [-79.6366255599516, 43.5727743162896], [-79.6366355544607, 43.5727680372137], [-79.6366455550159, 43.5727617645119], [-79.6366555628961, 43.5727554963985], [-79.6366655756046, 43.5727492337443], [-79.6366755956177, 43.5727429765788], [-79.6366856204795, 43.5727367239723], [-79.6366956514078, 43.5727304768396], [-79.6367056896609, 43.5727242342955], [-79.6367157327222, 43.5727179981106], [-79.6367257831083, 43.5727117665142], [-79.6367358383432, 43.5727055394768], [-79.6367459008623, 43.5726993188282], [-79.6367559694682, 43.5726931027534], [-79.6367660429228, 43.5726868912374], [-79.6367761236617, 43.5726806861103], [-79.6367862092493, 43.5726744855422], [-79.6367963021415, 43.5726682904627], [-79.6368063998824, 43.5726620999422], [-79.6368165049075, 43.5726559158104], [-79.6368266147814, 43.5726497362376], [-79.6368367319802, 43.5726435612533], [-79.6368468539871, 43.5726373926283], [-79.6368569833188, 43.5726312285917], [-79.636867117479, 43.5726250700143], [-79.6368772577057, 43.5726189169107], [-79.6368874052573, 43.5726127683955], [-79.6368975576373, 43.5726066253395], [-79.6369077160838, 43.5726004877574], [-79.6369178805967, 43.5725943556491], [-79.6369280511763, 43.5725882290146], [-79.6369382278426, 43.5725821069539], [-79.6369484105754, 43.572575990367], [-79.6369585993747, 43.572569879254], [-79.6369687930228, 43.5725637726999], [-79.6369789939754, 43.5725576716344], [-79.6369892009946, 43.5725515760428], [-79.6369994128422, 43.5725454859102], [-79.6370096319943, 43.5725394012663], [-79.6370198559953, 43.5725333211813], [-79.6370300860424, 43.5725272474703], [-79.6370403221763, 43.5725211783329], [-79.6370505643768, 43.5725151146695], [-79.6370608126641, 43.5725090555797], [-79.6370710669976, 43.5725030028638], [-79.6370813261798, 43.5724969547069], [-79.6370915926667, 43.5724909120387], [-79.637101863982, 43.5724848748295], [-79.6371121413638, 43.5724788430941], [-79.6371224248324, 43.5724728159323], [-79.6371327143472, 43.5724667951446], [-79.6371430099489, 43.5724607789305], [-79.6371533116171, 43.5724547681903], [-79.6371636181138, 43.5724487629091], [-79.6371739306973, 43.5724427622016], [-79.637184249327, 43.5724367678681], [-79.6371945740436, 43.5724307781082], [-79.6372049048063, 43.5724247947223], [-79.637215241656, 43.5724188159101], [-79.637225583334, 43.5724128425569], [-79.6372359310786, 43.5724068746775], [-79.6372462861482, 43.5724009113866], [-79.6372566447878, 43.57239495444], [-79.6372670107523, 43.572389002082], [-79.6372773815249, 43.5723830560831], [-79.6372877596225, 43.5723771146726], [-79.6372981425486, 43.5723711787211], [-79.6373085303031, 43.5723652482287], [-79.6373189253623, 43.5723593232249], [-79.6373293252499, 43.5723534036801], [-79.6373397324624, 43.5723474887237], [-79.6373501432451, 43.5723415801117], [-79.6373605613526, 43.5723356760882], [-79.6373709855064, 43.5723297784385], [-79.637381414509, 43.5723238853478], [-79.6373918495782, 43.5723179977308], [-79.6374022894758, 43.5723121155729], [-79.6374127366577, 43.5723062398037], [-79.6374231887088, 43.5723003676931], [-79.637433646806, 43.5722945019566], [-79.6374441097318, 43.572288641679], [-79.6374545799622, 43.57228278689], [-79.6374650550211, 43.57227693756], [-79.6374755349288, 43.5722710927889], [-79.6374860221208, 43.5722652544064], [-79.6374965141616, 43.5722594205829], [-79.6375070122486, 43.5722535931332], [-79.6375175164226, 43.5722477702572], [-79.6375280254047, 43.5722419537403], [-79.6375385404737, 43.572236141797], [-79.6375490616092, 43.5722303353275], [-79.637559587553, 43.5722245352172], [-79.6375701195836, 43.5722187396805], [-79.6375806576809, 43.5722129496176], [-79.6375912006066, 43.5722071650136], [-79.6376017495786, 43.5722013867836], [-79.6376123046374, 43.5721956131271], [-79.6376228645248, 43.5721898449297], [-79.6376334304788, 43.572184082206], [-79.6376440024993, 43.572178324956], [-79.6376545793483, 43.5721725731651], [-79.6376651622437, 43.5721668277481], [-79.6376757512259, 43.5721610869046], [-79.6376863450366, 43.5721553515202], [-79.6376969449139, 43.5721496216095], [-79.6377075496198, 43.5721438971577], [-79.6377181603922, 43.5721381781798], [-79.6377287772109, 43.5721324655757], [-79.6377393988785, 43.5721267575304], [-79.6377500266126, 43.5721210549589], [-79.6377606604134, 43.5721153578611], [-79.6377712990223, 43.5721096671225], [-79.6377819424801, 43.5721039809427], [-79.6377925932223, 43.5720983011515], [-79.6378032488133, 43.5720926259191], [-79.6378139092125, 43.5720869570459], [-79.6378245756986, 43.5720812927462], [-79.6378352482311, 43.5720756348204], [-79.6378459256124, 43.5720699814534], [-79.63785660904, 43.5720643344603], [-79.6378672972961, 43.5720586929262], [-79.6378779916188, 43.5720530568658], [-79.6378886907701, 43.5720474262643], [-79.637899395988, 43.5720418011366], [-79.6379101060345, 43.5720361814678], [-79.6379208221475, 43.5720305672728], [-79.6379315443272, 43.5720249585514], [-79.6379422713354, 43.572019355289], [-79.63795300439, 43.5720137584005], [-79.6379637422934, 43.5720081660708], [-79.6379744850051, 43.5720025801001], [-79.6379852350215, 43.571996999618], [-79.6379959886486, 43.5719914236798], [-79.6380067483221, 43.5719858541156], [-79.6380175140622, 43.571980290025], [-79.6380282846106, 43.5719747322935], [-79.6380390612459, 43.5719691791356], [-79.6380498427098, 43.5719636314366], [-79.6380606302201, 43.5719580901115], [-79.6380714225791, 43.5719525533451], [-79.6380822197465, 43.5719470229379], [-79.6380930229805, 43.5719414980043], [-79.6381038322812, 43.5719359785444], [-79.6381146464104, 43.5719304645434], [-79.6381254653682, 43.5719249560014], [-79.6381362903724, 43.5719194538332], [-79.6381471202254, 43.5719139562238], [-79.6381579561249, 43.5719084649882], [-79.6381687968528, 43.5719029792116], [-79.6381796436475, 43.5718974989086], [-79.6381904952707, 43.5718920240645], [-79.6382013517225, 43.5718865546794], [-79.6382122142207, 43.5718810916681], [-79.6382230815678, 43.5718756332156], [-79.6382339549612, 43.5718701811368], [-79.6382448331833, 43.571864734517], [-79.638255717472, 43.5718592933709], [-79.6382666053309, 43.5718538585691], [-79.6382775005149, 43.5718484283555], [-79.6382883992692, 43.5718430044863], [-79.63829930409, 43.5718375860907], [-79.6383102149776, 43.5718321731688], [-79.6383211306938, 43.5718267657057], [-79.6383320512183, 43.5718213646018], [-79.6383429765714, 43.5718159689567], [-79.6383539079912, 43.5718105787853], [-79.6383648454777, 43.5718051940876], [-79.6383757865547, 43.571799814834], [-79.6383867336781, 43.5717944419542], [-79.6383976868885, 43.5717890736479], [-79.6384086436692, 43.5717837116858], [-79.6384196064963, 43.5717783560977], [-79.6384305754103, 43.5717730050829], [-79.6384415478947, 43.5717676604125], [-79.6384525264457, 43.5717623212157], [-79.6384635110634, 43.5717569874925], [-79.6384744992717, 43.5717516592135], [-79.6384854935264, 43.5717463373083], [-79.6384964926098, 43.571741020862], [-79.6385074977598, 43.5717357098893], [-79.6385185077385, 43.5717304043755], [-79.6385295225255, 43.5717251052207], [-79.6385405421412, 43.5717198115248], [-79.6385515678236, 43.5717145233025], [-79.6385625983144, 43.5717092414392], [-79.6385736336541, 43.5717039641347], [-79.6385846750402, 43.5716986932039], [-79.6385957200169, 43.5716934277173], [-79.6386067710401, 43.5716881686044], [-79.6386178281299, 43.5716829149652], [-79.6386288888104, 43.5716776667701], [-79.6386399555576, 43.5716724240485], [-79.6386510271132, 43.571667187686], [-79.6386621034974, 43.5716619567824], [-79.6386731859484, 43.5716567313524], [-79.6386842719697, 43.5716515122666], [-79.638695364078, 43.5716462977543], [-79.6387064622125, 43.5716410905159], [-79.6387175639579, 43.5716358878215], [-79.6387286705116, 43.5716306914861], [-79.6387397831322, 43.5716255006242], [-79.6387509005813, 43.5716203152213], [-79.6387620228389, 43.5716151361773], [-79.6387731511633, 43.5716099626069], [-79.6387842830782, 43.5716047944806], [-79.6387954210397, 43.5715996327281], [-79.6388065638298, 43.5715944764345], [-79.6388177114486, 43.5715893255996], [-79.6388288651139, 43.5715841811385], [-79.6388400223698, 43.5715790421215], [-79.6388511856925, 43.5715739085781], [-79.6388623525855, 43.571568781379], [-79.6388735255453, 43.5715636596534], [-79.6388847033338, 43.5715585433867], [-79.6388958871688, 43.5715534334936], [-79.6389070745945, 43.5715483290447], [-79.6389182668286, 43.5715432309548], [-79.6389294651294, 43.5715381383384], [-79.638940668259, 43.5715330511809], [-79.6389518762172, 43.5715279694822], [-79.6389630889839, 43.5715228941425], [-79.6389743065591, 43.5715178251617], [-79.6389855289832, 43.5715127607397], [-79.6389967562158, 43.5715077026766], [-79.639007989495, 43.5715026509872], [-79.6390192263647, 43.5714976047419], [-79.6390304693013, 43.5714925639702], [-79.6390417158285, 43.5714875286425], [-79.6390529684023, 43.5714824996886], [-79.6390642257845, 43.5714774770936], [-79.6390754879955, 43.5714724599574], [-79.6390867550352, 43.57146744828], [-79.6390980268833, 43.5714624429616], [-79.6391093035602, 43.5714574431021], [-79.6391205850659, 43.5714524487013], [-79.63913187138, 43.5714474606595], [-79.6391431625229, 43.5714424780764], [-79.6391544597123, 43.5714375018672], [-79.6391657604924, 43.5714325311019], [-79.6391770661012, 43.5714275657954], [-79.6391883777566, 43.5714226068627], [-79.6391996929825, 43.5714176542741], [-79.6392110130371, 43.5714127071444], [-79.6392223391585, 43.5714077654882], [-79.6392336688504, 43.5714028301762], [-79.639245004609, 43.5713979003377], [-79.6392563439382, 43.5713929768434], [-79.6392676880961, 43.5713880588079], [-79.6392790383208, 43.571383146246], [-79.639290392116, 43.5713782400282], [-79.6393017507196, 43.5713733401695], [-79.6393131154104, 43.571368444884], [-79.6393244836514, 43.5713635568429], [-79.6393358567212, 43.5713586742606], [-79.6393472358578, 43.5713537971518], [-79.6393586185649, 43.5713489263872], [-79.6393700061007, 43.5713440610814], [-79.6393813984451, 43.5713392021345], [-79.6393927956183, 43.5713343486464], [-79.6394041976203, 43.5713295006171], [-79.6394156044105, 43.5713246598468], [-79.6394270160499, 43.5713198236352], [-79.6394384312597, 43.5713149937677], [-79.6394498525161, 43.5713101702739], [-79.6394612786013, 43.5713053522389], [-79.639472708257, 43.5713005405481], [-79.6394841427415, 43.571295734316], [-79.6394955832726, 43.5712909344576], [-79.6395070273945, 43.5712861400432], [-79.6395184763452, 43.5712813510875], [-79.6395299300841, 43.571276569391], [-79.6395413886722, 43.571271792253], [-79.6395528520486, 43.5712670223741], [-79.639564319036, 43.571262257039], [-79.6395757920498, 43.5712574989778], [-79.6395872686746, 43.5712527454604], [-79.6395987500877, 43.5712479992021], [-79.6396102363499, 43.5712432575024], [-79.6396217274004, 43.5712385230617], [-79.6396332232798, 43.5712337940798], [-79.63964472275, 43.5712290705419], [-79.6396562282668, 43.5712243533776], [-79.6396677373541, 43.5712196425575], [-79.6396792512703, 43.5712149371961], [-79.6396907699951, 43.5712102381936], [-79.6397022935487, 43.5712055446499], [-79.6397138206729, 43.5712008574503], [-79.639725353864, 43.5711961757242], [-79.6397368906256, 43.5711915003422], [-79.6397484322161, 43.571186830419], [-79.6397599773771, 43.5711821668399], [-79.6397715285848, 43.5711775096345], [-79.6397830833834, 43.571172857873], [-79.6397946429905, 43.5711682124705], [-79.6398062074265, 43.5711635725266], [-79.6398177766712, 43.5711589389416], [-79.6398293494864, 43.5711543117008], [-79.6398409271305, 43.5711496899187], [-79.6398525096035, 43.5711450735953], [-79.6398640968648, 43.571140464531], [-79.6398756877372, 43.5711358600105], [-79.6398872833981, 43.571131262749], [-79.6398988838878, 43.5711266709462], [-79.6399104891861, 43.5711220855023], [-79.6399220980753, 43.5711175055024], [-79.6399337117732, 43.5711129318613], [-79.6399453302999, 43.5711083636789], [-79.6399569536353, 43.5711038018554], [-79.6399685805413, 43.5710992463761], [-79.6399802122762, 43.5710946963555], [-79.6399918488198, 43.5710901526936], [-79.6400034889339, 43.571085615376], [-79.640015133877, 43.5710810835171], [-79.65311079949, 43.5659880673228], [-79.6531195181473, 43.5659846800756], [-79.6531282403771, 43.5659812991726], [-79.6531369661995, 43.5659779237137], [-79.6531456980702, 43.5659745546283], [-79.6531544335134, 43.5659711918871], [-79.6531631737871, 43.5659678346046], [-79.6531719176332, 43.5659644836664], [-79.6531806663099, 43.5659611381868], [-79.653189419797, 43.5659577990661], [-79.6531981768566, 43.5659544662897], [-79.6532069387266, 43.5659511398721], [-79.6532157054272, 43.5659478189132], [-79.6532244757002, 43.5659445042986], [-79.6532332508037, 43.5659411951427], [-79.6532420294797, 43.565937892331], [-79.6532508129662, 43.5659345958781], [-79.6532596000252, 43.5659313057695], [-79.6532683931527, 43.5659280211342], [-79.6532771886147, 43.5659247428286], [-79.6532859901251, 43.5659214708963], [-79.6532947939901, 43.5659182043936], [-79.6533036039036, 43.5659149442643], [-79.6533124173895, 43.5659116904793], [-79.653321234468, 43.5659084421383], [-79.653330056337, 43.5659052010563], [-79.6533388830565, 43.5659019645329], [-79.6533477133285, 43.5658987352538], [-79.6533565471931, 43.5658955114189], [-79.6533653858682, 43.5658922939427], [-79.6533742293537, 43.5658890828254], [-79.6533830764118, 43.5658858780524], [-79.6533919270624, 43.5658826787234], [-79.6534007837615, 43.5658794857678], [-79.6534096427952, 43.5658762991419], [-79.6534185066594, 43.5658731179747], [-79.6534273753141, 43.5658699440664], [-79.6534362463234, 43.5658667755877], [-79.6534451234012, 43.5658636125821], [-79.6534540040315, 43.565860456821], [-79.6534628882545, 43.565857306504], [-79.6534717772879, 43.5658541625458], [-79.6534806698939, 43.5658510249318], [-79.6534895660724, 43.565847893662], [-79.6534984670815, 43.5658447678509], [-79.6535073716631, 43.5658416483841], [-79.6535162810553, 43.565838535276], [-79.6535251940201, 43.5658354285122], [-79.6535341118154, 43.565832327207], [-79.6535430331632, 43.5658292331462], [-79.6535519581036, 43.5658261445295], [-79.6535608878546, 43.5658230622716], [-79.6535698211982, 43.5658199854578], [-79.6535787580944, 43.5658169158883], [-79.6535876998211, 43.5658138517775], [-79.6535966451204, 43.5658107940109], [-79.6536055939923, 43.5658077425885], [-79.6536145476747, 43.565804697525], [-79.6536235049297, 43.5658016588057], [-79.6536324657774, 43.5657986255304], [-79.6536414314356, 43.5657955986139], [-79.6536504006664, 43.5657925780416], [-79.6536593734698, 43.5657895638136], [-79.6536683510837, 43.5657865559443], [-79.6536773322703, 43.5657835544194], [-79.6536863170495, 43.5657805583384], [-79.6536953054013, 43.5657775686016], [-79.6537042985437, 43.5657745861238], [-79.6537132952987, 43.5657716081899], [-79.6537222956063, 43.5657686375004], [-79.6537312994866, 43.5657656731551], [-79.6537403081773, 43.5657627151686], [-79.6537493204608, 43.5657597626261], [-79.6537583363169, 43.5657568164278], [-79.6537673557456, 43.5657538765737], [-79.6537763799849, 43.5657509430784], [-79.6537854065589, 43.5657480159128], [-79.6537944379435, 43.5657450951059], [-79.6538034741386, 43.5657421806579], [-79.6538125126885, 43.5657392716392], [-79.653821554791, 43.565736369865], [-79.6538306017241, 43.5657334735494], [-79.6538396522299, 43.5657305835779], [-79.6538487063083, 43.5657276999507], [-79.6538577639393, 43.5657248235679], [-79.6538668251831, 43.5657219517289], [-79.6538758912174, 43.5657190871488], [-79.6538849595864, 43.5657162288984], [-79.6538940327661, 43.5657133770067], [-79.6539031095384, 43.5657105305591], [-79.6539121898634, 43.5657076913559], [-79.6539212737811, 43.5657048575966], [-79.6539303612513, 43.5657020310818], [-79.6539394523144, 43.5656992100109], [-79.6539485469501, 43.5656963952843], [-79.6539576463964, 43.5656935869164], [-79.6539667481774, 43.5656907848781], [-79.6539758547691, 43.5656879891986], [-79.6539849636955, 43.5656851998487], [-79.6539940774325, 43.5656824168576], [-79.6540031947423, 43.5656796402107], [-79.6540123143868, 43.5656768698933], [-79.6540214388419, 43.5656741059347], [-79.6540305668897, 43.5656713474202], [-79.6540396984903, 43.5656685961501], [-79.6540488336635, 43.565665851224], [-79.6540579711915, 43.5656631117274], [-79.6540671135101, 43.5656603794898], [-79.6540762594214, 43.5656576526962], [-79.6540854088855, 43.5656549331469], [-79.6540945619423, 43.5656522190416], [-79.6541037173138, 43.5656495121661], [-79.654112877516, 43.5656468107492], [-79.6541220412709, 43.5656441165766], [-79.6541312086186, 43.5656414278481], [-79.654140378281, 43.5656387463493], [-79.6541495527741, 43.5656360703091], [-79.654158729602, 43.5656334005985], [-79.6541679112206, 43.5656307381468], [-79.6541770951939, 43.5656280811245], [-79.65418628272, 43.5656254313466], [-79.6541954738388, 43.5656227870127], [-79.6542046685104, 43.5656201499231], [-79.6542138667747, 43.5656175182775], [-79.6542230685917, 43.5656148938762], [-79.6542322740016, 43.565612274919], [-79.6542414829641, 43.5656096632061], [-79.6542506942815, 43.5656070569226], [-79.6542599091516, 43.5656044578834], [-79.6542691288524, 43.5656018643029], [-79.654278350868, 43.565599277952], [-79.6542875752185, 43.5655966979308], [-79.6542968043997, 43.5655941233681], [-79.6543060371336, 43.5655915560498], [-79.6543152722024, 43.565588995061], [-79.6543245108439, 43.5655864404165], [-79.6543337530783, 43.5655838912158], [-79.6543429988653, 43.5655813492596], [-79.6543522482252, 43.5655788136475], [-79.6543614999199, 43.5655762843649], [-79.6543707551674, 43.5655737623267], [-79.6543800140077, 43.5655712457325], [-79.6543892764207, 43.5655687354824], [-79.6543985411687, 43.5655662315619], [-79.6544078094693, 43.5655637348857], [-79.6544170813629, 43.5655612436536], [-79.6544263568092, 43.5655587596657], [-79.6544356346103, 43.5655562811073], [-79.6544449172022, 43.5655538098077], [-79.6544542008911, 43.5655513448231], [-79.6544634894107, 43.5655488852971], [-79.6544727802451, 43.5655464330009], [-79.6544820746524, 43.5655439870488], [-79.6544913726325, 43.5655415474408], [-79.6545006729274, 43.5655391150626], [-79.6545099780531, 43.5655366881429], [-79.6545192842758, 43.5655342675382], [-79.6545285952892, 43.5655318541924], [-79.6545379086576, 43.565529446276], [-79.6545472243408, 43.5655270455893], [-79.6545565448348, 43.5655246512614], [-79.6545658676636, 43.565522263263], [-79.6545751928274, 43.5655198815942], [-79.654584522802, 43.5655175062841], [-79.6545938550914, 43.5655151382038], [-79.6546031897358, 43.5655127755528], [-79.654612527953, 43.565510419246], [-79.6546218697231, 43.5655080701835], [-79.6546312138281, 43.5655057274505], [-79.6546405615059, 43.5655033910617], [-79.6546499115187, 43.5655010610024], [-79.6546592663422, 43.5654987373019], [-79.6546686222428, 43.5654964208165], [-79.6546779817362, 43.565494109775], [-79.6546873447824, 43.5654918059779], [-79.6546967101636, 43.5654895085103], [-79.6547060791378, 43.5654872164867], [-79.6547154504067, 43.565484932593], [-79.6547248252687, 43.5654826541432], [-79.6547342037035, 43.5654803820376], [-79.6547435832153, 43.5654781171471], [-79.6547529675378, 43.5654758586153], [-79.6547623542154, 43.5654736055129], [-79.6547717432079, 43.5654713596402], [-79.6547811357533, 43.5654691210119], [-79.6547905306537, 43.5654668878129], [-79.654799929107, 43.5654646618582], [-79.6548093299152, 43.5654624413328], [-79.6548187342764, 43.5654602280518], [-79.6548281409525, 43.5654580220005], [-79.6548375512215, 43.5654558213931], [-79.6548469638255, 43.5654536271153], [-79.6548563787445, 43.5654514400672], [-79.6548657972363, 43.5654492593632], [-79.6548752180632, 43.5654470849888], [-79.654884642463, 43.5654449169585], [-79.6548940691778, 43.5654427561579], [-79.6549034994855, 43.5654406008012], [-79.6549129321082, 43.5654384526743], [-79.6549223670659, 43.5654363108769], [-79.6549318055966, 43.5654341754236], [-79.6549412464422, 43.5654320472], [-79.6549506896228, 43.565429925306], [-79.6549601363965, 43.5654278088559], [-79.654969585465, 43.5654257005357], [-79.6549790368886, 43.5654235976449], [-79.6549884918852, 43.5654215010981], [-79.6549979491968, 43.5654194117811], [-79.6550074100813, 43.5654173288082], [-79.655016872063, 43.5654152521503], [-79.6550263375975, 43.5654131827366], [-79.6550358067051, 43.565411119667], [-79.6550452769298, 43.5654090620123], [-79.6550547506874, 43.5654070125019], [-79.6550642268, 43.565404968421], [-79.6550737064656, 43.5654029315843], [-79.6550831872484, 43.5654009001624], [-79.6550926715641, 43.565398876885], [-79.6551021594728, 43.5653968590514], [-79.6551116484587, 43.5653948484331], [-79.6551211410375, 43.5653928432586], [-79.6551306359314, 43.5653908453139], [-79.6551401331403, 43.5653888545988], [-79.6551496327043, 43.5653868693131], [-79.6551591358213, 43.5653848912717], [-79.6551686412733, 43.5653829195598], [-79.6551781490405, 43.5653809550776], [-79.6551876591627, 43.5653789960248], [-79.6551971715999, 43.5653770442016], [-79.6552066875902, 43.5653750996228], [-79.6552162046977, 43.5653731604587], [-79.6552257253581, 43.5653712285389], [-79.6552352483537, 43.5653693029486], [-79.6552447736843, 43.5653673836878], [-79.655254302568, 43.5653654716713], [-79.6552638325488, 43.5653635659697], [-79.6552733661027, 43.5653616666123], [-79.6552829007537, 43.5653597735698], [-79.6552924389578, 43.5653578877715], [-79.655301979497, 43.5653560083028], [-79.6553115223712, 43.5653541351635], [-79.6553210675606, 43.565352269254], [-79.6553306150852, 43.565350409674], [-79.6553401661827, 43.5653485564381], [-79.6553497183775, 43.5653467095171], [-79.6553592728874, 43.5653448698259], [-79.6553688309703, 43.5653430364787], [-79.6553783901305, 43.5653412103466], [-79.6553879528837, 43.5653393896584], [-79.6553975167141, 43.5653375761854], [-79.6554070840975, 43.5653357699566], [-79.6554166538362, 43.5653339691572], [-79.655426224652, 43.5653321755729], [-79.6554357990409, 43.5653303883326], [-79.655445374507, 43.5653286083075], [-79.6554549535463, 43.5653268346264], [-79.6554645349206, 43.5653250672749], [-79.6554741173722, 43.5653233071385], [-79.6554837034169, 43.565321552446], [-79.6554932905188, 43.5653198058687], [-79.6555028812139, 43.5653180647354], [-79.6555124729861, 43.5653163308172], [-79.6555220683315, 43.5653146032431], [-79.6555316647541, 43.565312882884], [-79.6555412635119, 43.5653111688545], [-79.6555508658428, 43.5653094611691], [-79.655560469271, 43.5653077597986], [-79.6555700750143, 43.5653060656578], [-79.6555796830728, 43.5653043787466], [-79.6555892934866, 43.5653026972648], [-79.6555989049776, 43.5653010229981], [-79.6556085200417, 43.5652993550755], [-79.6556181361831, 43.565297694368], [-79.6556277558976, 43.5652960400046], [-79.6556373767094, 43.565294391956], [-79.6556469998364, 43.5652927511372], [-79.6556566252987, 43.5652911166478], [-79.6556662530962, 43.565289488488], [-79.6556758819709, 43.5652878675433], [-79.6556855144188, 43.5652862529426], [-79.6556951479439, 43.5652846455571], [-79.6557047838044, 43.565283044501], [-79.655714422, 43.5652814497745], [-79.6557240625109, 43.5652798622776], [-79.6557337041191, 43.5652782810957], [-79.6557433480625, 43.5652767062432], [-79.6557529943212, 43.5652751386205], [-79.6557626429151, 43.5652735773272], [-79.6557722938443, 43.5652720223634], [-79.6557819458508, 43.5652704746147], [-79.6557916001926, 43.5652689331955], [-79.6558012568495, 43.565267399006], [-79.6558109146039, 43.5652658711314], [-79.6558205759114, 43.565264350501], [-79.6558302383363, 43.5652628352855], [-79.6558399018185, 43.5652613281851], [-79.6558495688939, 43.5652598265287], [-79.6558592370466, 43.5652583320874], [-79.6558689075147, 43.5652568448757], [-79.6558785791001, 43.5652553630788], [-79.6558882529807, 43.5652538894117], [-79.6558979292167, 43.5652524211739], [-79.655907607768, 43.5652509601658], [-79.6559172874166, 43.5652495054726], [-79.6559269693805, 43.5652480580091], [-79.6559366524418, 43.5652466168606], [-79.6559463378183, 43.5652451829416], [-79.6559560255302, 43.5652437553522], [-79.6559657143195, 43.5652423349779], [-79.6559754054641, 43.5652409200328], [-79.655985098904, 43.5652395132176], [-79.6559947934613, 43.5652381118172], [-79.6560044903339, 43.5652367176464], [-79.6560141882839, 43.5652353306907], [-79.6560238885692, 43.5652339500645], [-79.6560335911899, 43.5652325757678], [-79.6560432948879, 43.5652312086862], [-79.6560530009213, 43.5652298479341], [-79.6560627080321, 43.565228494397], [-79.6560724174783, 43.5652271471895], [-79.6560821280219, 43.5652258062968], [-79.6560918408808, 43.5652244726339], [-79.6561015548171, 43.565223146186], [-79.6561112711088, 43.5652218251674], [-79.6561209884579, 43.5652205122641], [-79.6561307081624, 43.5652192047901], [-79.6561404301823, 43.5652179045457], [-79.6561501520416, 43.5652166115019], [-79.6561598774743, 43.5652153248021], [-79.6561696040044, 43.5652140444173], [-79.6561793316119, 43.5652127712475], [-79.6561890615348, 43.5652115053074], [-79.6561987925752, 43.565210244782], [-79.656208524693, 43.5652089914717], [-79.6562182603642, 43.5652077454057], [-79.6562279958949, 43.5652065056399], [-79.6562377337409, 43.5652052731039], [-79.6562474726845, 43.5652040468827], [-79.6562572139634, 43.5652028269911], [-79.6562669563198, 43.5652016143145], [-79.6562767009917, 43.5652004088675], [-79.656286446781, 43.5651992088354], [-79.6562961936278, 43.5651980169184], [-79.65630594283, 43.5651968304308], [-79.6563156930897, 43.5651956520584], [-79.6563254457048, 43.5651944791154], [-79.6563351981394, 43.565193314273], [-79.6563449541675, 43.5651921548745], [-79.6563547100351, 43.5651910026765], [-79.6563644682182, 43.5651898577081], [-79.6563742274987, 43.5651887190547], [-79.6563839891147, 43.5651875867308], [-79.6563937505703, 43.5651864616073], [-79.6564035155793, 43.5651853437281], [-79.6564132804479, 43.5651842321493], [-79.6564230476519, 43.5651831268999], [-79.6564328159334, 43.5651820288656], [-79.6564425853125, 43.5651809371462], [-79.6564523557691, 43.5651798526418], [-79.6564621285611, 43.565178774467], [-79.6564719024308, 43.5651777035072], [-79.6564816786158, 43.5651766397771], [-79.6564914546805, 43.5651755814471], [-79.6565012330407, 43.565174531247], [-79.6565110125185, 43.5651734864616], [-79.6565207930538, 43.5651724497915], [-79.6565305747066, 43.5651714185361], [-79.6565403586549, 43.5651703954104], [-79.6565501437208, 43.5651693776996], [-79.6565599298643, 43.5651683672038], [-79.6565697170853, 43.5651673639231], [-79.6565795066419, 43.5651663669719], [-79.6565892960381, 43.5651653772212], [-79.6565990877698, 43.5651643938], [-79.6566088805791, 43.5651634175938], [-79.656618674486, 43.5651624477025], [-79.6566284694705, 43.5651614850263], [-79.6566382655525, 43.5651605286651], [-79.6566480639501, 43.5651595795334], [-79.6566578622074, 43.5651586367022], [-79.6566676627802, 43.5651577011005], [-79.6566774644506, 43.5651567718138], [-79.6566872659807, 43.5651558488274], [-79.6566970698063, 43.5651549339708], [-79.6567068747495, 43.5651540245289], [-79.6567166819883, 43.5651531232169], [-79.6567264891068, 43.565152227305], [-79.6567362972829, 43.5651513395084], [-79.6567461065767, 43.5651504571265], [-79.656755918166, 43.5651495828744], [-79.656765729615, 43.5651487149227], [-79.6567755421616, 43.5651478532859], [-79.6567853570238, 43.5651469988787], [-79.6567951717458, 43.5651461507718], [-79.6568049887833, 43.5651453098946], [-79.6568148056805, 43.5651444753177], [-79.6568246248934, 43.5651436479705], [-79.6568344439459, 43.5651428278238], [-79.6568442653341, 43.5651420140065], [-79.6568540865819, 43.5651412064896], [-79.6568639101454, 43.5651404062023], [-79.6568737335486, 43.5651396131156], [-79.6568835580495, 43.5651388263437], [-79.656893384866, 43.5651380468015], [-79.6569032115423, 43.5651372735596], [-79.6569130393162, 43.5651365066326], [-79.6569228681478, 43.5651357478209], [-79.6569326980971, 43.5651349944239], [-79.6569425291241, 43.565134248242], [-79.6569523612288, 43.5651335092751], [-79.6569621944112, 43.5651327775233], [-79.6569720274734, 43.5651320511717], [-79.6569818628312, 43.5651313329499], [-79.6569916980488, 43.5651306210284], [-79.6570015343641, 43.5651299154219], [-79.657011372995, 43.5651292170449], [-79.6570212102278, 43.565128525854], [-79.6570310497963, 43.5651278409924], [-79.6570408904425, 43.565127163346], [-79.6570507309485, 43.5651264919999], [-79.6570605737901, 43.5651258269833], [-79.6570704164516, 43.5651251700673], [-79.6570802602308, 43.5651245185661], [-79.6570901050677, 43.5651238751801], [-79.6570999497645, 43.5651232380945], [-79.6571097967969, 43.5651226073383], [-79.6571196436692, 43.5651219837826], [-79.6571294916192, 43.565121367442], [-79.6571393394291, 43.5651207574018], [-79.6571491895746, 43.565120153691], [-79.6571590395599, 43.5651195571807], [-79.6571688906231, 43.5651189678855], [-79.657178741546, 43.5651183848907], [-79.6571885947847, 43.5651178091254], [-79.6571984478633, 43.5651172405607], [-79.6572083020396, 43.5651166783109], [-79.6572181560757, 43.5651161223614], [-79.6572280124277, 43.5651155736415], [-79.6572378686194, 43.5651150321222], [-79.657247724671, 43.5651144969032], [-79.6572575830384, 43.5651139689139], [-79.6572674412656, 43.5651134472248], [-79.6572772993326, 43.5651129327363], [-79.6572871597355, 43.5651124245773], [-79.6572970199782, 43.5651119236188], [-79.6573068800808, 43.5651114289606], [-79.6573167424791, 43.5651109424322], [-79.6573266047574, 43.565110461304], [-79.6573364668755, 43.5651099873763], [-79.6573463300714, 43.5651095206636], [-79.6573561943652, 43.5651090602659], [-79.6573660597369, 43.5651086070832], [-79.6573759249484, 43.5651081611011], [-79.6573857900198, 43.5651077214192], [-79.6573956561891, 43.5651072880524], [-79.6574055234362, 43.5651068619005], [-79.6574153905233, 43.5651064429492], [-79.6574252587082, 43.5651060303128], [-79.6574351279709, 43.5651056248914], [-79.6574449970736, 43.5651052266706], [-79.6574548660363, 43.5651048347501], [-79.6574647360968, 43.5651044491445], [-79.6574746072351, 43.565104070754], [-79.6574844782134, 43.565103699564], [-79.6574943490517, 43.5651033346743], [-79.6575042222057, 43.5651029770143], [-79.6575140939818, 43.5651026256401], [-79.6575239668358, 43.5651022814809], [-79.6575338407677, 43.5651019445368], [-79.6575437145595, 43.565101613893], [-79.6575535881913, 43.5651012904498], [-79.657563462921, 43.5651009733214], [-79.6575733387286, 43.5651006634081], [-79.6575832143962, 43.5651003597952], [-79.6575930899038, 43.5651000633828], [-79.6576029664892, 43.5650997741855], [-79.6576128429347, 43.5650994912885], [-79.6576227192401, 43.5650992146918], [-79.6576325966035, 43.5650989462104], [-79.6576424750648, 43.5650986840439], [-79.6576523533861, 43.5650984281777], [-79.6576622315474, 43.5650981795121], [-79.6576721095487, 43.565097938047], [-79.6576819886479, 43.5650977028967], [-79.6576918676072, 43.5650974740469], [-79.6577017476244, 43.5650972533122], [-79.6577116275016, 43.5650970388779], [-79.6577215084768, 43.5650968307585], [-79.6577313880541, 43.5650966298251], [-79.6577412687093, 43.5650964361067], [-79.6577511504625, 43.5650962487033], [-79.6577610308178, 43.5650960684858], [-79.6577709122711, 43.5650958945832], [-79.6577807948023, 43.5650957278957], [-79.6577906759357, 43.5650955683941], [-79.6578005581671, 43.5650954152075], [-79.6578104402385, 43.5650952692213], [-79.6578203234079, 43.5650951295501], [-79.6578302051794, 43.5650949970648], [-79.6578400880489, 43.5650948708945], [-79.6578499707584, 43.5650947519246], [-79.657859854546, 43.5650946401698], [-79.6578697369557, 43.5650945347009], [-79.6578796204435, 43.565094436447], [-79.6578895037912, 43.5650943444934], [-79.6578993882171, 43.5650942597549], [-79.657909271245, 43.5650941822024], [-79.657919155371, 43.5650941109648], [-79.6579290393371, 43.5650940469277], [-79.6579389231633, 43.5650939891909], [-79.6579488068296, 43.5650939386547], [-79.6579586915938, 43.5650938944334], [-79.6579685761983, 43.5650938574126], [-79.6579784594049, 43.5650938275778], [-79.6579883437095, 43.5650938040578], [-79.6579982278543, 43.5650937877384], [-79.658008113097, 43.5650937777339], [-79.658017996942, 43.5650937749154], [-79.6580278818651, 43.5650937793119], [-79.6580377654103, 43.5650937899942], [-79.6580476500336, 43.5650938078917], [-79.6580575345171, 43.5650938320894], [-79.6580674188407, 43.5650938634877], [-79.6580773030044, 43.5650939020865], [-79.6580871870283, 43.5650939469857], [-79.6580970709123, 43.5650939981852], [-79.6581069546165, 43.5650940574854], [-79.6581168381808, 43.565094123086], [-79.6581267228432, 43.5650941950014], [-79.6581366061079, 43.5650942741029], [-79.6581464892127, 43.5650943604049], [-79.6581563734156, 43.5650944530217], [-79.6581662562207, 43.5650945528246], [-79.658176140124, 43.5650946589423], [-79.6581860226295, 43.5650947722461], [-79.6581959062131, 43.5650948927648], [-79.658205788419, 43.5650950195695], [-79.6582156704851, 43.5650951526744], [-79.6582255536093, 43.5650952938946], [-79.6582354353557, 43.5650954414007], [-79.6582453182003, 43.5650955952216], [-79.6582551996471, 43.5650957562285], [-79.6582650809342, 43.5650959244359], [-79.6582749620814, 43.5650960989437], [-79.6582848430689, 43.565096280652], [-79.6582947239166, 43.5650964686607], [-79.6583046046045, 43.5650966638699], [-79.6583144851326, 43.5650968662796], [-79.658324365521, 43.5650970749897], [-79.6583342457496, 43.5650972909003], [-79.6583441246005, 43.5650975130967], [-79.6583540045295, 43.5650977425082], [-79.6583638830609, 43.5650979791057], [-79.6583737614525, 43.5650982220035], [-79.6583836396843, 43.5650984721019], [-79.6583935177764, 43.5650987285006], [-79.6584033957088, 43.5650989920999], [-79.6584132735013, 43.5650992619995], [-79.6584231498963, 43.5650995390851], [-79.6584330261315, 43.5650998233712], [-79.6584429034649, 43.5651001139723], [-79.6584527781626, 43.5651004117448], [-79.6584626539586, 43.5651007158322], [-79.6584725295949, 43.5651010271201], [-79.6584824038335, 43.565101345594], [-79.6584922779324, 43.5651016703683], [-79.6585021518716, 43.565102002343], [-79.658512025671, 43.5651023406182], [-79.6585218980728, 43.5651026860794], [-79.658531770315, 43.5651030387411], [-79.6585416424174, 43.5651033977031], [-79.6585515143801, 43.5651037629655], [-79.6585613849452, 43.5651041354139], [-79.6585712553506, 43.5651045150628], [-79.6585811255963, 43.5651049019123], [-79.6585909944643, 43.5651052950476], [-79.6586008644307, 43.5651056944978], [-79.6586107317615, 43.5651061011195], [-79.6586206001705, 43.5651065149562], [-79.6586304672019, 43.5651069350788], [-79.6586403340737, 43.5651073624018], [-79.6586502007858, 43.5651077969254], [-79.6586600661204, 43.5651082377349], [-79.6586699313152, 43.5651086848447], [-79.6586797963304, 43.5651091400552], [-79.658689659988, 43.5651096006514], [-79.658699523466, 43.5651100693483], [-79.6587093855664, 43.565110544331], [-79.6587192475271, 43.5651110256141], [-79.6587291093282, 43.5651115140977], [-79.6587389697317, 43.5651120097673], [-79.6587488299956, 43.5651125117373], [-79.6587586900999, 43.5651130209078], [-79.6587685488266, 43.5651135363641], [-79.6587784073937, 43.565114059021], [-79.6587882645632, 43.5651145888639], [-79.6587981215931, 43.5651151250071], [-79.6588079772255, 43.5651156683364], [-79.6588178327182, 43.565116217966], [-79.6588276868135, 43.5651167747817], [-79.658837540769, 43.5651173378977], [-79.658847394565, 43.5651179082142], [-79.6588572469636, 43.5651184857167], [-79.6588670979845, 43.5651190695051], [-79.6588769488459, 43.565119660494], [-79.6588867995676, 43.5651202577833], [-79.6588966488919, 43.5651208622586], [-79.6589064968386, 43.5651214730197], [-79.6589163446258, 43.5651220909814], [-79.6589261910155, 43.5651227161291], [-79.6589360372655, 43.5651233475771], [-79.658945883376, 43.5651239853256], [-79.6589557268312, 43.5651246311456], [-79.6589655713846, 43.5651252832806], [-79.6589754133227, 43.5651259416869], [-79.6589852551011, 43.5651266072937], [-79.6589950967401, 43.5651272792009], [-79.6590049369615, 43.5651279591942], [-79.6590147758255, 43.5651286445733], [-79.659024613292, 43.5651293371383], [-79.6590344518369, 43.5651300369185], [-79.6590442877663, 43.5651307429699], [-79.6590541235363, 43.5651314562219], [-79.6590639579088, 43.5651321766599], [-79.6590737909038, 43.5651329033837], [-79.6590836237593, 43.565133636408], [-79.6590934564353, 43.5651343775329], [-79.6591032865159, 43.565135124029], [-79.659113116437, 43.5651358777256], [-79.6591229449607, 43.5651366386082], [-79.6591327733248, 43.5651374066914], [-79.6591426003116, 43.5651381810604], [-79.6591524259208, 43.5651389617153], [-79.6591622501327, 43.5651397495562], [-79.659172074185, 43.5651405445976], [-79.65918189686, 43.5651413459249], [-79.6591917181574, 43.5651421535381], [-79.6592015392755, 43.5651429692519], [-79.6592113577782, 43.5651437912371], [-79.6592211761413, 43.5651446195226], [-79.6592309943451, 43.5651454550087], [-79.6592408099334, 43.5651462967662], [-79.6592506253624, 43.5651471457241], [-79.6592604393939, 43.5651480018681], [-79.659270252048, 43.565148864298], [-79.6592800645627, 43.5651497330282], [-79.659289874422, 43.5651506098301], [-79.6592996841619, 43.5651514920322], [-79.6593094924844, 43.5651523823205], [-79.6593192994495, 43.5651532779944], [-79.6593291049973, 43.5651541817546], [-79.6593389104056, 43.5651550918152], [-79.6593487144366, 43.5651560081616], [-79.6593585158322, 43.5651569316795], [-79.6593683170684, 43.5651578623979], [-79.6593781169273, 43.5651587994022], [-79.6593879166467, 43.5651597427069], [-79.6593977137308, 43.5651606931831], [-79.6594075094177, 43.5651616508454], [-79.659417304965, 43.565162614808], [-79.6594270991151, 43.5651635859566], [-79.6594368906498, 43.5651645633766], [-79.6594466820252, 43.5651655479971], [-79.6594564720232, 43.5651665389035], [-79.6594662606239, 43.5651675369959], [-79.6594760478472, 43.5651685413742], [-79.6594858336733, 43.5651695529385], [-79.659495618102, 43.5651705716888], [-79.6595054011534, 43.5651715967251], [-79.6595151840654, 43.5651726280616], [-79.6595249643422, 43.5651736665697], [-79.6595347432216, 43.5651747122639], [-79.6595445207238, 43.5651757642439], [-79.6595542980865, 43.5651768225242], [-79.6595640727941, 43.5651778888763], [-79.6595738461443, 43.5651789606141], [-79.6595836193352, 43.5651800395524], [-79.6595933898909, 43.5651811256622], [-79.6596031590692, 43.5651822180579], [-79.6596129268503, 43.5651833176396], [-79.6596226932541, 43.5651844235072], [-79.6596324594986, 43.5651855365754], [-79.6596422231278, 43.5651866559149], [-79.6596519853598, 43.5651877824404], [-79.6596617449766, 43.5651889152373], [-79.6596715044341, 43.5651900552348], [-79.6596812625142, 43.5651912015181], [-79.6596910191971, 43.5651923549875], [-79.6597007732649, 43.5651935147282], [-79.6597105271733, 43.5651946816694], [-79.6597202784665, 43.5651958548821], [-79.6597300283625, 43.5651970352807], [-79.6597397768812, 43.5651982219653], [-79.6597495240027, 43.5651994158359], [-79.659759269727, 43.5652006168925], [-79.659769014094, 43.5652018233348], [-79.6597787558058, 43.5652030378488], [-79.6597884961604, 43.5652042577486], [-79.6597982363357, 43.565205485749], [-79.659807972658, 43.5652067200064], [-79.6598177088409, 43.565207960564], [-79.6598274436267, 43.5652092083078], [-79.6598371757972, 43.5652104623228], [-79.6598469065706, 43.565211723524], [-79.6598566359668, 43.565212991011], [-79.6598663639657, 43.5652142656841], [-79.6598760905875, 43.5652155466431], [-79.6598858145741, 43.5652168347736], [-79.6598955371835, 43.5652181291899], [-79.6599052583958, 43.5652194307923], [-79.6599149769929, 43.5652207386661], [-79.6599246954307, 43.5652220537404], [-79.6599344112535, 43.5652233750862], [-79.6599441244611, 43.5652247027032], [-79.6599538375095, 43.5652260375209], [-79.6599635479228, 43.5652273795101], [-79.6599732569588, 43.5652287277851], [-79.6599829633599, 43.5652300832317], [-79.6599926696216, 43.5652314449787], [-79.6600023720303, 43.5652328129826], [-79.6600120742799, 43.565234188187], [-79.6600217739142, 43.5652355696628], [-79.6600314721515, 43.5652369583247], [-79.6600411689917, 43.5652383541726], [-79.6600508632367, 43.5652397553917], [-79.6600605560646, 43.565241164697], [-79.6600702462973, 43.5652425793736], [-79.660079935113, 43.5652440021364], [-79.6600896225715, 43.5652454302848], [-79.660099307395, 43.5652468656049], [-79.6601089908214, 43.565248308111], [-79.6601186728706, 43.565249756903], [-79.6601283523047, 43.5652512119663], [-79.6601380291038, 43.5652526742012], [-79.6601477057437, 43.5652541436367], [-79.6601573785307, 43.5652556193291], [-79.6601670511784, 43.5652571013218], [-79.6601767211911, 43.5652585904862], [-79.6601863885888, 43.5652600859218], [-79.6601960546093, 43.5652615876434], [-79.6602057192327, 43.5652630965511], [-79.6602153812212, 43.5652646126303], [-79.6602250405946, 43.5652661349809], [-79.6602346985909, 43.5652676636173], [-79.6602443551901, 43.5652691994399], [-79.6602540091743, 43.5652707415338], [-79.6602636617614, 43.5652722908138], [-79.6602733117335, 43.5652738463652], [-79.6602829590706, 43.5652754090882], [-79.6602926050306, 43.565276978097], [-79.6603022496136, 43.5652785533917], [-79.6603118915615, 43.565280135858], [-79.6603215308944, 43.5652817245957], [-79.6603311688303, 43.5652833205195], [-79.6603408041512, 43.5652849227146], [-79.660350438075, 43.5652865320959], [-79.6603600693838, 43.5652881477485], [-79.6603696980777, 43.5652897696725], [-79.6603793253745, 43.5652913987826], [-79.6603889500563, 43.5652930341641], [-79.6603985733411, 43.5652946767316], [-79.6604081940109, 43.5652963255706], [-79.6604178120657, 43.5652979806809], [-79.6604274287235, 43.5652996429773], [-79.6604370427463, 43.5653013124453], [-79.6604466554121, 43.565302987299], [-79.6604562654429, 43.5653046693243], [-79.6604658728389, 43.5653063585212], [-79.6604754776198, 43.5653080539895], [-79.6604850810237, 43.5653097557436], [-79.6604946817926, 43.5653114646694], [-79.6605042811846, 43.565313179881], [-79.6605138767237, 43.5653149013496], [-79.6605234721037, 43.5653166300187], [-79.6605330636108, 43.5653183658449], [-79.6605426537609, 43.5653201070568], [-79.6605522400381, 43.5653218554259], [-79.6605618261564, 43.5653236109955], [-79.6605714084217, 43.565325372822], [-79.6605809893101, 43.5653271409344], [-79.6605905675835, 43.5653289153182], [-79.660600143222, 43.5653306968736], [-79.6606097162256, 43.5653324856006], [-79.6606192878722, 43.5653342797133], [-79.6606288568639, 43.5653360818978], [-79.6606384232607, 43.5653378894535], [-79.6606479870226, 43.5653397041808], [-79.6606575494075, 43.565341525194], [-79.6606671091576, 43.5653433533788], [-79.6606766650548, 43.5653451878205], [-79.6606862208129, 43.5653470285627], [-79.6606957726983, 43.5653488764619], [-79.6607053219687, 43.5653507306325], [-79.6607148698622, 43.5653525910891], [-79.6607244138829, 43.5653544587027], [-79.6607339565267, 43.5653563326023], [-79.6607434965356, 43.5653582136734], [-79.6607530339296, 43.565360101016], [-79.6607625699466, 43.5653619946445], [-79.6607721021108, 43.5653638945298], [-79.6607816316402, 43.5653658015869], [-79.6607911597927, 43.5653677149298], [-79.6608006853103, 43.5653696354443], [-79.6608102069751, 43.5653715622157], [-79.6743435283352, 43.568113760616], [-79.6743526887399, 43.5681162763383], [-79.6743618465509, 43.5681187974321], [-79.6743710004906, 43.5681213256836], [-79.6743801518367, 43.5681238593067], [-79.6743892993116, 43.5681264000874], [-79.674398442935, 43.5681289471257], [-79.674407583945, 43.5681315004357], [-79.6744167223416, 43.5681340600175], [-79.6744258556487, 43.5681366258424], [-79.6744349863424, 43.5681391979391], [-79.6744441144226, 43.5681417763077], [-79.6744532373937, 43.5681443618195], [-79.6744623590091, 43.5681469527173], [-79.6744714755153, 43.5681495507584], [-79.6744805894278, 43.5681521541711], [-79.6744896994692, 43.5681547647415], [-79.6744988068972, 43.5681573815837], [-79.6745079092357, 43.568160004669], [-79.6745170101989, 43.5681626340405], [-79.6745261060726, 43.5681652696551], [-79.6745351993329, 43.5681679115415], [-79.6745442887418, 43.5681705596854], [-79.6745533742795, 43.5681732149869], [-79.6745624572236, 43.5681758756601], [-79.6745715363163, 43.5681785425907], [-79.6745806115379, 43.568181216679], [-79.6745896841658, 43.5681838961389], [-79.6745987516845, 43.5681865827422], [-79.6746078165899, 43.5681892756172], [-79.6746168789016, 43.5681919738639], [-79.6746259361042, 43.5681946792539], [-79.6746349906934, 43.5681973909157], [-79.6746440414313, 43.5682001088351], [-79.6746530883375, 43.5682028321117], [-79.6746621313726, 43.568205562546], [-79.6746711717943, 43.5682082992521], [-79.6746802083646, 43.5682110422156], [-79.6746892410835, 43.5682137914367], [-79.6746982699511, 43.5682165469153], [-79.6747072949674, 43.5682193086513], [-79.6747163173702, 43.5682220766591], [-79.6747253359217, 43.5682248509245], [-79.6747343493838, 43.568227631433], [-79.6747433602326, 43.5682304182133], [-79.674752368468, 43.5682332112655], [-79.6747613716141, 43.5682360105608], [-79.6747703708891, 43.5682388170138], [-79.6747793675705, 43.5682416288384], [-79.6747883604005, 43.5682444469205], [-79.6747973481412, 43.5682472712458], [-79.6748063332685, 43.5682501018429], [-79.6748153145445, 43.5682529386975], [-79.6748242919691, 43.5682557818096], [-79.6748332667805, 43.5682586311935], [-79.6748422365025, 43.5682614868206], [-79.6748512023731, 43.5682643487052], [-79.6748601643924, 43.5682672168472], [-79.6748691237984, 43.5682700912612], [-79.6748780781151, 43.5682729719183], [-79.6748870298382, 43.568275857947], [-79.6748959776902, 43.5682787511335], [-79.674904920453, 43.5682816505631], [-79.6749138606023, 43.5682845562645], [-79.6749227969004, 43.5682874682235], [-79.6749317281289, 43.5682903855254], [-79.6749406567244, 43.5682933099994], [-79.6749495814883, 43.5682962398306], [-79.6749585011431, 43.5682991768053], [-79.6749674182044, 43.5683021191516], [-79.6749763313946, 43.5683050686556], [-79.6749852395153, 43.5683080235026], [-79.6749941450227, 43.5683109846214], [-79.6750030454407, 43.5683139519834], [-79.6750119432456, 43.5683169256173], [-79.675020835961, 43.5683199054943], [-79.6750297260632, 43.5683228916432], [-79.6750386110762, 43.5683258840353], [-79.6750474922378, 43.5683288826849], [-79.6750563695481, 43.568331887592], [-79.675065244265, 43.5683348978708], [-79.6750741138727, 43.5683379152929], [-79.675082978411, 43.568340938058], [-79.6750918403359, 43.5683439670951], [-79.6751006984096, 43.5683470023896], [-79.675109551394, 43.5683500439273], [-79.6751184017652, 43.5683530917369], [-79.6751272470471, 43.5683561457896], [-79.6751360884777, 43.5683592060999], [-79.6751449260571, 43.5683622726677], [-79.6751537598049, 43.5683653445929], [-79.6751625897014, 43.5683684227756], [-79.675171414489, 43.5683715081017], [-79.6751802366831, 43.5683745987994], [-79.6751890537879, 43.5683776957404], [-79.6751978670414, 43.5683807989388], [-79.6752066764635, 43.5683839074947], [-79.6752154807765, 43.5683870231939], [-79.6752242824961, 43.5683901442648], [-79.6752330791066, 43.5683932724791], [-79.6752418718857, 43.5683964060507], [-79.6752506608135, 43.5683995458798], [-79.6752594446718, 43.568402691052], [-79.6752682246591, 43.5684058433819], [-79.6752770007952, 43.5684090019694], [-79.6752857730998, 43.5684121659142], [-79.6752945415532, 43.5684153361165], [-79.6753033049173, 43.5684185125621], [-79.6753120644303, 43.5684216952652], [-79.6753208201117, 43.5684248833257], [-79.6753295706841, 43.5684280785295], [-79.6753383174251, 43.5684312790908], [-79.6753470603149, 43.5684344859095], [-79.6753557993534, 43.5684376989858], [-79.6753645333027, 43.5684409183054], [-79.6753732634206, 43.5684441429823], [-79.6753819884492, 43.5684473739024], [-79.6753907108646, 43.5684506110944], [-79.6753994269528, 43.5684538545152], [-79.6754081404278, 43.568457104208], [-79.6754168488334, 43.5684603592438], [-79.6754255533877, 43.5684636205372], [-79.6754342540908, 43.5684668880881], [-79.6754429497047, 43.5684701618822], [-79.6754516414675, 43.5684734419339], [-79.6754603281607, 43.5684767273287], [-79.6754690110028, 43.568480018981], [-79.6754776899937, 43.5684833168909], [-79.6754863639151, 43.5684866201438], [-79.6754950339656, 43.5684899305544], [-79.6755036989466, 43.5684932463081], [-79.6755123600765, 43.5684965683194], [-79.6755210161369, 43.5684998956737], [-79.6755296695643, 43.5685032302001], [-79.6755383166844, 43.5685065700552], [-79.675546959973, 43.5685099152677], [-79.6755555993906, 43.568513267638], [-79.6755642349769, 43.5685166253656], [-79.6755728642359, 43.5685199893222], [-79.6755814908818, 43.5685233595506], [-79.6755901124583, 43.5685267351221], [-79.6755987289456, 43.5685301169368], [-79.6756073415817, 43.5685335050092], [-79.6756159491286, 43.5685368993248], [-79.6756245528441, 43.5685402989977], [-79.6756331527085, 43.5685437049282], [-79.6756417474837, 43.568547117102], [-79.6756503371895, 43.5685505346189], [-79.6756589230441, 43.5685539583933], [-79.6756675038095, 43.568557388411], [-79.6756760807435, 43.568560823786], [-79.6756846525687, 43.5685642663045], [-79.6756932205821, 43.5685677132803], [-79.6757017834867, 43.5685711673994], [-79.6757103425599, 43.568574626876], [-79.6757188965439, 43.5685780925958], [-79.6757274454585, 43.5685815636587], [-79.6757359905022, 43.5685850418794], [-79.6757445304963, 43.5685885245429], [-79.6757530666194, 43.5685920143643], [-79.6757615976732, 43.5685955095287], [-79.6757701236378, 43.5685990109363], [-79.6757786457711, 43.5686025177014], [-79.6757871628152, 43.5686060307098], [-79.6757956747701, 43.5686095499613], [-79.6758041828937, 43.5686130745704], [-79.6758126859281, 43.5686166054227], [-79.6758211851114, 43.5686201425326], [-79.6758296792253, 43.5686236849855], [-79.6758381682501, 43.5686272336818], [-79.6758466534435, 43.5686307877354], [-79.6758551335478, 43.5686343480323], [-79.6758636085629, 43.5686379145726], [-79.6758720785086, 43.5686414864558], [-79.6758805446033, 43.5686450645967], [-79.6758890056088, 43.5686486489809], [-79.675897462783, 43.5686522387225], [-79.6759059148877, 43.5686558338072], [-79.6759143618837, 43.5686594360353], [-79.6759228038102, 43.5686630436066], [-79.6759312406674, 43.5686666565209], [-79.6759396736734, 43.5686702756929], [-79.6759481015904, 43.5686739011081], [-79.6759565256759, 43.5686775318808], [-79.6759649434541, 43.5686811679822], [-79.6759733573615, 43.5686848112415], [-79.6759817661995, 43.5686884598438], [-79.6759901699681, 43.5686921137893], [-79.6759985698857, 43.5686957739923], [-79.6760069634958, 43.5686994395242], [-79.6760153532549, 43.5687031113136], [-79.6760237379249, 43.5687067893464], [-79.6760321187635, 43.5687104727366], [-79.676040493275, 43.5687141623558], [-79.6760488639552, 43.5687178573324], [-79.6760572295463, 43.5687215585523], [-79.676065590068, 43.5687252651153], [-79.6760739455006, 43.5687289779216], [-79.6760822958639, 43.568732696071], [-79.6760906411381, 43.5687364204637], [-79.676098982581, 43.5687401502139], [-79.6761073189347, 43.5687438862074], [-79.6761156502192, 43.568747627544], [-79.6761239764145, 43.5687513751239], [-79.6761322975405, 43.5687551280469], [-79.6761406135774, 43.5687588872133], [-79.676148924545, 43.5687626517227], [-79.6761572316615, 43.5687664224898], [-79.6761655324706, 43.5687701985857], [-79.6761738294288, 43.5687739809393], [-79.6761821200795, 43.5687777686216], [-79.6761904068792, 43.5687815625615], [-79.6761986886095, 43.5687853618446], [-79.6762069652508, 43.5687891673711], [-79.6762152368228, 43.5687929782406], [-79.6762235033254, 43.5687967944533], [-79.6762317647389, 43.5688006169093], [-79.6762400210634, 43.5688044456086], [-79.6762482723383, 43.5688082787509], [-79.6762565185044, 43.5688121190367], [-79.6762647596209, 43.5688159637654], [-79.6762729956287, 43.5688198156377], [-79.6762812265868, 43.5688236719529], [-79.6762894536939, 43.5688275345257], [-79.6762976744739, 43.5688314033276], [-79.6763058902043, 43.5688352765724], [-79.676314100826, 43.5688391569607], [-79.676322306398, 43.5688430417921], [-79.676330506881, 43.5688469328667], [-79.676338702275, 43.5688508301846], [-79.6763468925997, 43.5688547328457], [-79.676355077855, 43.56885864085], [-79.676363258041, 43.5688625541974], [-79.676371433138, 43.5688664737881], [-79.6763796031459, 43.5688703996222], [-79.6763877668465, 43.5688743307851], [-79.6763959267159, 43.5688782673055], [-79.6764040802778, 43.5688822091548], [-79.6764122299888, 43.5688861572617], [-79.6764203733925, 43.5688901106974], [-79.6764285117071, 43.5688940703765], [-79.6764366449524, 43.5688980353987], [-79.6764447731284, 43.5689020057641], [-79.6764528962154, 43.5689059823728], [-79.6764610142331, 43.5689099643248], [-79.6764691271815, 43.5689139516198], [-79.6764772338029, 43.5689179451439], [-79.6764853353549, 43.5689219440112], [-79.6764934330757, 43.568925948236], [-79.6765015244891, 43.5689299577896], [-79.6765096095755, 43.5689339735722], [-79.676517690811, 43.5689379956125], [-79.6765257669968, 43.5689420220958], [-79.6765338368556, 43.5689460548082], [-79.6765419016452, 43.5689500928637], [-79.6765499613457, 43.5689541371626], [-79.6765580159966, 43.5689581859045], [-79.6765660643206, 43.5689622408754], [-79.6765741075555, 43.5689663020896], [-79.6765821469788, 43.5689703677613], [-79.6765901788371, 43.5689744396476], [-79.6765982068642, 43.5689785168914], [-79.6766062285642, 43.5689826003642], [-79.676614246433, 43.5689866891946], [-79.6766222580142, 43.5689907824537], [-79.6766302632486, 43.568994882842], [-79.6766382646716, 43.5689989876876], [-79.6766462597675, 43.5690030987622], [-79.6766542497941, 43.5690072151801], [-79.6766622335134, 43.5690113369268], [-79.6766702121634, 43.5690154640167], [-79.6766781857245, 43.56901959735], [-79.6766861542163, 43.5690237360265], [-79.6766941176388, 43.5690278800462], [-79.676702074754, 43.5690320293947], [-79.6767100255422, 43.5690361849724], [-79.6767179724992, 43.5690403459075], [-79.6767259131488, 43.5690445121715], [-79.6767338487292, 43.5690486837788], [-79.6767417780023, 43.5690528607148], [-79.6767497021865, 43.5690570438943], [-79.6767576213013, 43.569061232417], [-79.6767655353469, 43.5690654262829], [-79.6767734430852, 43.5690696254777], [-79.6767813445163, 43.5690738300014], [-79.6767892421161, 43.5690780398826], [-79.6767971333889, 43.5690822559928], [-79.6768050183544, 43.569086477432], [-79.6768128982506, 43.5690907042143], [-79.6768207730776, 43.56909493634], [-79.6768286415973, 43.5690991737944], [-79.6768365050281, 43.5691034174923], [-79.6768443634093, 43.5691076656332], [-79.6768522154635, 43.5691119200032], [-79.6768600624485, 43.5691161797164], [-79.6768679031261, 43.5691204447585], [-79.6768757387346, 43.5691247151439], [-79.6768835680357, 43.5691289908581], [-79.6768913922479, 43.5691332728157], [-79.6768992101726, 43.5691375592021], [-79.6769070230082, 43.5691418518319], [-79.6769148307746, 43.5691461498048], [-79.6769226322535, 43.5691504522066], [-79.6769304286434, 43.5691547608517], [-79.6769382187261, 43.5691590748257], [-79.6769460025014, 43.5691633941287], [-79.6769537812076, 43.5691677187749], [-79.6769615548247, 43.5691720496645], [-79.6769693221544, 43.5691763849828], [-79.6769770844147, 43.5691807256444], [-79.6769848403481, 43.569185072535], [-79.676992589994, 43.5691894238544], [-79.6770003345509, 43.5691937814172], [-79.6770080740386, 43.5691981443233], [-79.6770158072387, 43.5692025116581], [-79.6770235341118, 43.569206885222], [-79.6770312559157, 43.5692112641291], [-79.6770389714123, 43.5692156483652], [-79.6770466818397, 43.5692200379445], [-79.6770543859796, 43.5692244319526], [-79.6770620837925, 43.5692288321897], [-79.6770697765362, 43.5692332377702], [-79.6770774642106, 43.5692376486938], [-79.6770851455778, 43.5692420649464], [-79.6770928206377, 43.569246486528], [-79.6771004893903, 43.5692509134384], [-79.6771081530737, 43.5692553456921], [-79.677115811688, 43.5692597832891], [-79.6771234627569, 43.5692642262007], [-79.6771311087566, 43.5692686744555], [-79.6771387496871, 43.5692731280537], [-79.6771463843103, 43.5692775869807], [-79.6771540126459, 43.5692820503365], [-79.6771616346547, 43.5692865199215], [-79.6771692515942, 43.5692909948496], [-79.6771768622264, 43.5692954751068], [-79.6771844677894, 43.5692999607072], [-79.6771920670649, 43.5693044507364], [-79.6771996600134, 43.5693089469947], [-79.6772072466744, 43.5693134476818], [-79.6772148282465, 43.5693179546123], [-79.677222403531, 43.5693224659716], [-79.6772299725083, 43.5693269826598], [-79.6772375363966, 43.5693315055915], [-79.6772450939975, 43.569336032952], [-79.677252645291, 43.5693405656414], [-79.6772601915154, 43.5693451036741], [-79.6772677314325, 43.5693496470358], [-79.6772752650424, 43.5693541957264], [-79.6772827923647, 43.5693587488458], [-79.6772903133601, 43.5693633081944], [-79.677297829306, 43.569367871986], [-79.6773053389249, 43.5693724420068], [-79.6773128434943, 43.5693770164707], [-79.6773203405185, 43.5693815962493], [-79.6773278324735, 43.5693861813711], [-79.6773353181212, 43.569390771822], [-79.6773427974814, 43.5693953667015], [-79.6773502705146, 43.5693999678103], [-79.6773577384983, 43.5694045733621], [-79.6773652001551, 43.5694091851432], [-79.6903234711001, 43.5764045574649], [-79.6903292872323, 43.5764076917855], [-79.6903351084348, 43.5764108207615], [-79.6903409347078, 43.5764139443929], [-79.6903467672894, 43.5764170626938], [-79.6903526049609, 43.5764201747499], [-79.6903584489215, 43.5764232823757], [-79.690364297972, 43.5764263837567], [-79.6903701533311, 43.5764294798072], [-79.690376012542, 43.5764325695988], [-79.6903818792802, 43.5764356549742], [-79.69038774987, 43.5764387340906], [-79.6903936267685, 43.5764418078765], [-79.6903995087374, 43.5764448763178], [-79.6904053970344, 43.5764479385285], [-79.6904112891442, 43.5764509962804], [-79.6904171888202, 43.576454047816], [-79.6904230923284, 43.5764570939927], [-79.6904290021647, 43.5764601339387], [-79.6904349170715, 43.5764631685401], [-79.6904408370487, 43.5764661977968], [-79.6904467633344, 43.5764692217231], [-79.6904526946905, 43.5764722403047], [-79.6904586311366, 43.5764752526415], [-79.6904645726726, 43.5764782587334], [-79.6904705204977, 43.576481260395], [-79.6904764721745, 43.5764842557976], [-79.6904824301598, 43.5764872458697], [-79.6904883944538, 43.5764902306114], [-79.6904943625995, 43.576493209094], [-79.6905003370538, 43.5764961822462], [-79.6905063153598, 43.5764991491392], [-79.6905122999548, 43.5765021116021], [-79.690518290878, 43.5765050678342], [-79.6905242856529, 43.5765080178073], [-79.6905302854982, 43.5765109624358], [-79.690536291652, 43.5765139017337], [-79.6905423028763, 43.576516835687], [-79.6905483191904, 43.5765197633955], [-79.6905543405945, 43.5765226848591], [-79.6905603670494, 43.5765256018782], [-79.6905663986138, 43.5765285117522], [-79.690572435229, 43.5765314171818], [-79.6905784781723, 43.5765343163807], [-79.6905845249478, 43.5765372102207], [-79.6905905780514, 43.5765400978301], [-79.6905966349872, 43.5765429800806], [-79.6906026982511, 43.5765458561004], [-79.6906087665853, 43.5765487267756], [-79.6906148399899, 43.5765515921061], [-79.6906209172463, 43.5765544511775], [-79.6906270008112, 43.5765573049184], [-79.690633089466, 43.5765601524145], [-79.6906391831912, 43.5765629945659], [-79.6906452820062, 43.5765658304724], [-79.6906513846535, 43.57656866102], [-79.6906574936093, 43.5765714862372], [-79.690663607655, 43.5765743052095], [-79.6906697267906, 43.5765771179369], [-79.6906758497583, 43.5765799253054], [-79.6906819790347, 43.5765827273435], [-79.6906881134009, 43.5765855231367], [-79.6906942516188, 43.5765883126707], [-79.6907003961452, 43.5765910968744], [-79.6907065445038, 43.5765938757191], [-79.6907126979523, 43.5765966483189], [-79.6907188564907, 43.5765994146739], [-79.6907250200995, 43.5766021756842], [-79.6907311887981, 43.5766049304496], [-79.690737362567, 43.5766076798703], [-79.6907435401877, 43.576610423032], [-79.6907497241169, 43.5766131608631], [-79.6907559118978, 43.5766158924352], [-79.690762104749, 43.5766186186626], [-79.6907683026902, 43.5766213386451], [-79.6907745057016, 43.5766240532829], [-79.690780713803, 43.5766267616758], [-79.690786925756, 43.5766294638096], [-79.6907931427793, 43.5766321605988], [-79.6907993648925, 43.576634851143], [-79.6908055920761, 43.5766375363426], [-79.6908118231113, 43.5766402152831], [-79.6908180604746, 43.5766428879929], [-79.69082430167, 43.5766455553438], [-79.6908305467171, 43.5766482164356], [-79.6908367980728, 43.5766508721969], [-79.6908430532801, 43.5766535216991], [-79.6908493135772, 43.5766561649564], [-79.6908555789447, 43.5766588028691], [-79.6908618481638, 43.5766614345226], [-79.6908681224533, 43.5766640608314], [-79.6908744018522, 43.5766666799952], [-79.6908806850831, 43.5766692938], [-79.6908869733845, 43.5766719022602], [-79.6908932667756, 43.5766745044754], [-79.6908995640184, 43.5766771004316], [-79.6909058663316, 43.5766796910431], [-79.6909121737541, 43.5766822745094], [-79.6909184849892, 43.5766848535171], [-79.6909248013337, 43.5766874253797], [-79.6909311215103, 43.5766899918833], [-79.6909374467767, 43.5766925521421], [-79.690943777133, 43.576695106156], [-79.6909501113214, 43.5766976548109], [-79.6909564505996, 43.576700197221], [-79.69096279371, 43.5767027342721], [-79.6909691419297, 43.5767052641782], [-79.6909754939815, 43.5767077887253], [-79.6909818511231, 43.5767103070276], [-79.6909882133351, 43.5767128199851], [-79.6909945794182, 43.5767153257833], [-79.6910009493334, 43.5767178262227], [-79.6910073243385, 43.5767203204171], [-79.6910137044138, 43.5767228092668], [-79.6910200883408, 43.5767252918574], [-79.6910264761194, 43.5767277681889], [-79.6910328689878, 43.5767302382755], [-79.6910392657078, 43.576732702103], [-79.6910456674982, 43.5767351605858], [-79.6910520743783, 43.5767376128236], [-79.6910584838719, 43.5767400587882], [-79.6910648984553, 43.5767424985078], [-79.691071318109, 43.5767449328828], [-79.6910777416143, 43.5767473609986], [-79.6910841689712, 43.5767497828553], [-79.6910906014179, 43.5767521984671], [-79.6910970377162, 43.5767546078198], [-79.6911034778466, 43.5767570118136], [-79.6911099230864, 43.5767594086622], [-79.6911163721581, 43.576761800152], [-79.6911228250816, 43.5767641853826], [-79.6911292830753, 43.5767665652685], [-79.6911357449401, 43.5767689379951], [-79.6911422118752, 43.576771305377], [-79.6911486814432, 43.5767736655854], [-79.6911551560815, 43.576776020449], [-79.6911616357901, 43.5767783699679], [-79.6911681181316, 43.5767807123133], [-79.6911746055628, 43.5767830484138], [-79.6911810968262, 43.5767853791554], [-79.6911875931988, 43.5767877027519], [-79.6911940921653, 43.5767900209752], [-79.6912005962216, 43.5767923329536], [-79.6912071041295, 43.5767946386729], [-79.6912136158889, 43.5767969381331], [-79.6912201327382, 43.5767992313483], [-79.6912266534195, 43.5768015192046], [-79.6912331767337, 43.5768037998875], [-79.6912397051182, 43.5768060752256], [-79.6912462385924, 43.5768083443187], [-79.6912527746995, 43.5768106062384], [-79.6912593158769, 43.5768128628132], [-79.6912658596676, 43.5768151131148], [-79.6912724085481, 43.5768173571715], [-79.6912789612802, 43.5768195949691], [-79.6912855178638, 43.5768218265075], [-79.6912920782795, 43.5768240526869], [-79.6912986425663, 43.5768262717071], [-79.6913052119428, 43.5768284844823], [-79.6913117839132, 43.5768306918844], [-79.6913183609928, 43.5768328921414], [-79.6913249406663, 43.5768350870253], [-79.6913315254296, 43.5768372756642], [-79.6913381128257, 43.5768394571296], [-79.691344705292, 43.5768416332503], [-79.6913513016099, 43.5768438031118], [-79.6913579017988, 43.576845965814], [-79.6913645045816, 43.5768481231431], [-79.6913711124541, 43.5768502742272], [-79.6913777241782, 43.5768524190522], [-79.6913843385351, 43.5768545567037], [-79.6913909579623, 43.5768566890104], [-79.691397581241, 43.576858815058], [-79.691404207133, 43.5768609348323], [-79.6914108381148, 43.5768630483617], [-79.6914174717099, 43.5768651556177], [-79.6914241104142, 43.5768672557286], [-79.6914307517123, 43.5768693504663], [-79.691437396862, 43.5768714389449], [-79.6914440458632, 43.5768735211644], [-79.6914506987355, 43.5768755962246], [-79.6914573554397, 43.5768776659257], [-79.6914640159955, 43.5768797293678], [-79.6914706804028, 43.5768817865507], [-79.6914773474429, 43.5768838365601], [-79.691484018315, 43.5768858812106], [-79.6914906942964, 43.5768879187159], [-79.6914973728716, 43.576889950848], [-79.6915040540795, 43.5768919758067], [-79.6915107403577, 43.5768939954206], [-79.6915174292687, 43.576896007861], [-79.6915241232694, 43.5768980140564], [-79.6915308198834, 43.5769000139785], [-79.6915375191107, 43.5769020076273], [-79.6915442234277, 43.5769039950311], [-79.691550930358, 43.5769059761615], [-79.6915576411398, 43.5769079510329], [-79.6915643557731, 43.576909919645], [-79.6915710730197, 43.5769118819839], [-79.6915777941373, 43.5769138371634], [-79.6915845190869, 43.5769157869839], [-79.6915912479075, 43.5769177296451], [-79.6915979793413, 43.576919666033], [-79.6916047146072, 43.5769215970619], [-79.691611453744, 43.5769235209315], [-79.6916181954941, 43.5769254385277], [-79.6916249411152, 43.5769273489646], [-79.6916316893301, 43.5769292540284], [-79.6916384426347, 43.5769311528472], [-79.6916451973338, 43.5769330444782], [-79.6916519571031, 43.5769349307646], [-79.6916587195052, 43.5769368098773], [-79.6916654857587, 43.5769386827309], [-79.6916722546255, 43.5769405493112], [-79.6916790273438, 43.5769424096323], [-79.6916858026948, 43.57694426278], [-79.6916925818778, 43.5769461105686], [-79.6916993636936, 43.5769479511837], [-79.6917061493608, 43.5769497855396], [-79.6917129388795, 43.5769516136364], [-79.6917197310115, 43.5769534354598], [-79.6917265257566, 43.5769552510099], [-79.691733325611, 43.5769570594149], [-79.6917401268209, 43.5769588624325], [-79.6917469319017, 43.5769606582907], [-79.691753740834, 43.5769624478898], [-79.6917605523991, 43.5769642303154], [-79.6917673665579, 43.5769660073678], [-79.6917741845681, 43.576967778161], [-79.691781005211, 43.5769695417807], [-79.6917878297054, 43.5769712991413], [-79.6917946568131, 43.5769730502285], [-79.6918014877916, 43.5769747941563], [-79.691808321364, 43.576976532711], [-79.691815157569, 43.5769782640922], [-79.6918219976254, 43.5769799892141], [-79.6918288402951, 43.5769817080627], [-79.6918356868357, 43.576983419752], [-79.6918425347513, 43.5769851251538], [-79.6918493877371, 43.5769868252107], [-79.6918562421369, 43.5769885171798], [-79.6918631003686, 43.5769902037898], [-79.6918699612135, 43.5769918841266], [-79.6918768259293, 43.5769935573039], [-79.6918836920201, 43.5769952241937], [-79.6918905619818, 43.5769968839242], [-79.6918974357754, 43.5769985382956], [-79.6919043109636, 43.5770001854794], [-79.6919111900031, 43.577001826404], [-79.6919180716559, 43.5770034610552], [-79.6919249571795, 43.5770050885471], [-79.6919318440782, 43.5770067097514], [-79.6919387348282, 43.5770083246966], [-79.6919456281914, 43.5770099333684], [-79.6919525241874, 43.5770115348666], [-79.6919594240347, 43.5770131301057], [-79.691966325257, 43.5770147190573], [-79.6919732303307, 43.5770163017496], [-79.691980138037, 43.5770178772685], [-79.6919870483566, 43.5770194465139], [-79.6919939612893, 43.577021009486], [-79.6920008768547, 43.5770225652846], [-79.6920077962715, 43.577024114824], [-79.6920147170632, 43.5770256580758], [-79.6920216417063, 43.5770271950685], [-79.6920285689821, 43.5770287248876], [-79.6920354988711, 43.5770302484334], [-79.6920424313733, 43.5770317657058], [-79.692049366508, 43.5770332758046], [-79.692056304256, 43.5770347796301], [-79.6920632446171, 43.5770362771822], [-79.6920701876108, 43.5770377675608], [-79.6920771344559, 43.5770392516802], [-79.692084082676, 43.577040729512], [-79.6920910335288, 43.5770422001703], [-79.6920979869946, 43.5770436645553], [-79.6921049443118, 43.577045122681], [-79.692111903004, 43.5770465745192], [-79.6921188643288, 43.5770480191838], [-79.6921258282862, 43.577049456675], [-79.6921327948373, 43.5770508887928], [-79.6921397640211, 43.5770523137372], [-79.6921467358179, 43.5770537324082], [-79.6921537102474, 43.5770551439057], [-79.69216068729, 43.5770565491298], [-79.6921676669457, 43.5770579480805], [-79.6921746492341, 43.5770593398576], [-79.6921816328974, 43.5770607253472], [-79.692188620412, 43.5770621045776], [-79.692195609321, 43.5770634766203], [-79.6922026008432, 43.5770648423896], [-79.6922095949784, 43.5770662018856], [-79.6922165917463, 43.5770675542079], [-79.6922235911273, 43.577068900257], [-79.6922305919027, 43.5770702391182], [-79.6922375952912, 43.5770715717061], [-79.6922446012928, 43.5770728980207], [-79.692251609927, 43.5770742171617], [-79.6922586211743, 43.5770755300292], [-79.6922656350542, 43.5770768357233], [-79.6922726502895, 43.57707813603], [-79.6922796681769, 43.5770794282629], [-79.6922866886579, 43.5770807151226], [-79.6922937105333, 43.5770819947947], [-79.6923007350412, 43.5770832672931], [-79.6923077621623, 43.5770845335182], [-79.6923147918964, 43.5770857934699], [-79.6923218230249, 43.5770870462338], [-79.6923288567665, 43.5770882927244], [-79.6923358931212, 43.5770895329416], [-79.6923429308702, 43.5770907659711], [-79.6923499712323, 43.5770919927271], [-79.692357014227, 43.5770932123096], [-79.6923640585966, 43.5770944256046], [-79.6923711055792, 43.5770956326262], [-79.6923781539562, 43.5770968324601], [-79.6923852062039, 43.5770980251345], [-79.6923922585883, 43.5770992115073], [-79.6923993148239, 43.5771003916208], [-79.6924063724344, 43.5771015654467], [-79.6924134314393, 43.577102732085], [-79.6924204930767, 43.5771038915496], [-79.6924275573272, 43.5771050447409], [-79.6924346229525, 43.5771061916446], [-79.6924416912103, 43.5771073313748], [-79.692448760843, 43.5771084648174], [-79.69245583187, 43.5771095910722], [-79.6924629067482, 43.5771107110679], [-79.6924699817826, 43.5771118238616], [-79.6924770606683, 43.5771129303961], [-79.6924841396905, 43.5771140306289], [-79.6924912213453, 43.5771151236881], [-79.6924983056326, 43.5771162095738], [-79.6925053912947, 43.5771172891718], [-79.6925124783317, 43.5771183624824], [-79.6925195680011, 43.5771194286193], [-79.6925266602836, 43.5771204884829], [-79.6925337527222, 43.5771215411446], [-79.692540849012, 43.577122587547], [-79.6925479454384, 43.5771236276477], [-79.6925550444973, 43.5771246605748], [-79.6925621449506, 43.5771256863142], [-79.6925692480168, 43.5771267057802], [-79.6925763524773, 43.5771277180584], [-79.6925834583126, 43.5771287240491], [-79.6925905667609, 43.5771297237664], [-79.6925976766036, 43.577130716296], [-79.692604787821, 43.577131702538], [-79.6926119016709, 43.5771326816064], [-79.6926190156768, 43.5771336534729], [-79.692626133534, 43.5771346190801], [-79.6926332515277, 43.5771355783857], [-79.6926403721539, 43.5771365305176], [-79.6926474929167, 43.5771374763479], [-79.6926546175502, 43.5771384150187], [-79.6926617423203, 43.5771393473878], [-79.6926688697228, 43.5771402725833], [-79.6926759972813, 43.5771411905769], [-79.6926831286716, 43.5771421032114], [-79.6926902602374, 43.5771430077438], [-79.692697393178, 43.5771439059887], [-79.6927045287315, 43.5771447979602], [-79.6927116644411, 43.5771456827298], [-79.6927188027636, 43.5771465612259], [-79.6927259424804, 43.5771474325344], [-79.6927330848101, 43.5771482975694], [-79.6927402272959, 43.5771491554025], [-79.692747371176, 43.5771500060478], [-79.6927545176494, 43.5771508513199], [-79.6927616642984, 43.57715168849], [-79.6927688135604, 43.5771525193866], [-79.6927759641971, 43.5771533439957], [-79.692783116228, 43.577154161417], [-79.6927902696531, 43.5771549716506], [-79.692797424453, 43.5771557755966], [-79.6928045806276, 43.577156573255], [-79.6928117381964, 43.5771573637256], [-79.6928188971594, 43.5771581470085], [-79.6928260574972, 43.5771589240039], [-79.6928332192291, 43.5771596938115], [-79.6928403823358, 43.5771604573315], [-79.6928475468367, 43.5771612136638], [-79.6928547127123, 43.5771619637085], [-79.6928618799821, 43.5771627065654], [-79.6928690486267, 43.5771634431348], [-79.6928762174272, 43.5771641725023], [-79.6928833888406, 43.5771648955963], [-79.6928905616482, 43.5771656115026], [-79.6928977346118, 43.577166320207], [-79.6929049101883, 43.5771670226379], [-79.6929120859013, 43.5771677187672], [-79.6929192630084, 43.5771684077086], [-79.692926442748, 43.5771690894765], [-79.692933622624, 43.5771697649427], [-79.6929408026561, 43.5771704332069], [-79.6929479853009, 43.5771710951977], [-79.69295516934, 43.5771717500008], [-79.6929623535156, 43.5771723985021], [-79.6929695390853, 43.5771730398156], [-79.6929767260491, 43.5771736739415], [-79.6929839143877, 43.5771743017797], [-79.6929911028822, 43.577174922416], [-79.6929982927513, 43.5771755367647], [-79.6930054852334, 43.5771761448401], [-79.6930126766526, 43.5771767447991], [-79.6930198706848, 43.5771773384847], [-79.6930270648534, 43.5771779258687], [-79.6930342604161, 43.5771785060648], [-79.6930414573535, 43.5771790799734], [-79.6930486544468, 43.57717964668], [-79.6930558529343, 43.5771802061989], [-79.6930630527964, 43.5771807594302], [-79.6930702540526, 43.5771813054738], [-79.6930774554453, 43.5771818452156], [-79.6930846582321, 43.5771823777697], [-79.6930918611748, 43.5771829031218], [-79.6930990654922, 43.5771834221863], [-79.6931062711842, 43.5771839349633], [-79.6931134770516, 43.5771844396382], [-79.6931206842741, 43.5771849389257], [-79.6931278929102, 43.5771854301252], [-79.6931351016828, 43.577185915023], [-79.6931423105918, 43.577186393619], [-79.6931495221331, 43.5771868650414], [-79.693156732592, 43.5771873292478], [-79.6931639456638, 43.5771877871808], [-79.6931711588915, 43.5771882379118], [-79.6931783722556, 43.5771886823411], [-79.6931855870138, 43.5771891195826], [-79.6931928019084, 43.5771895505224], [-79.693200018197, 43.5771899742744], [-79.6932072358798, 43.5771903908386], [-79.693214453699, 43.5771908011011], [-79.693221671674, 43.5771912041617], [-79.6932288910236, 43.5771916009347], [-79.6932361105291, 43.5771919905058], [-79.6932433314287, 43.5771923728891], [-79.6932505524646, 43.5771927489707], [-79.6932577736564, 43.5771931178503], [-79.6932649962228, 43.5771934804424], [-79.6932722201833, 43.5771938358467], [-79.6932794430614, 43.577194184035], [-79.6932866685523, 43.5771945259497], [-79.6932938929413, 43.5771948615486], [-79.6933011187439, 43.5771951890596], [-79.6933083446634, 43.577195511169], [-79.6933155719964, 43.5771958251904], [-79.6933227982276, 43.5771961328959], [-79.6933300270715, 43.5771964343281], [-79.6933372548525, 43.5771967276439], [-79.6933444839887, 43.5771970155724], [-79.6933517133001, 43.5771972953987], [-79.6933589427478, 43.5771975689233], [-79.6933661735702, 43.5771978361603], [-79.6933734045483, 43.5771980961954], [-79.6933806356823, 43.5771983490286], [-79.6933878681908, 43.5771985955742], [-79.693395099617, 43.5771988349036], [-79.6934023324371, 43.5771990670454], [-79.6934095653936, 43.5771992928854], [-79.6934167984864, 43.5771995124236], [-79.6934240329927, 43.5771997238739], [-79.6934312663971, 43.5771999290083], [-79.693438501176, 43.5772001278551], [-79.6934457361108, 43.5772003195], [-79.6934529712013, 43.5772005039429], [-79.6934602076664, 43.5772006820983], [-79.693467443049, 43.5772008530376], [-79.693474678568, 43.5772010176752], [-79.6934819154809, 43.5772011751249], [-79.6934891525496, 43.5772013253728], [-79.6934963897547, 43.5772014693189], [-79.6935036271155, 43.577201606063], [-79.6935108646126, 43.5772017365055], [-79.6935181022655, 43.577201859746], [-79.6935253400741, 43.5772019757846], [-79.6935325780191, 43.5772020855214], [-79.6935398161198, 43.5772021880563], [-79.6935470543568, 43.5772022842895], [-79.6935542927496, 43.5772023733208], [-79.6935615325363, 43.5772024551642], [-79.6935687712211, 43.5772025306918], [-79.6935760100617, 43.5772025990175], [-79.6935832490385, 43.5772026610414], [-79.6935904881711, 43.5772027158634], [-79.69359772744, 43.5772027643836], [-79.6936049668646, 43.5772028057019], [-79.6936122064449, 43.5772028398183], [-79.693619446181, 43.5772028667328], [-79.6936266860339, 43.5772028882457], [-79.6936339260619, 43.5772029016565], [-79.6936411662263, 43.5772029087655], [-79.6936484053081, 43.5772029086585], [-79.6936556445262, 43.5772029022497], [-79.6936628851383, 43.5772028886532], [-79.6936701246484, 43.5772028687407], [-79.6936773643142, 43.5772028416263], [-79.6936846028974, 43.5772028072959], [-79.6936918428552, 43.5772027666779], [-79.6936990817305, 43.5772027188437], [-79.6937063219997, 43.5772026638219], [-79.6937135611669, 43.577202602484], [-79.6937208004703, 43.5772025348445], [-79.6937280387107, 43.5772024590887], [-79.6937352770679, 43.5772023779314], [-79.6937425168384, 43.5772022886861], [-79.6937497542688, 43.5772021931107], [-79.6937569930736, 43.5772020912477], [-79.6937642307958, 43.5772019821687], [-79.6937714686738, 43.5772018658878], [-79.6937787067074, 43.5772017424049], [-79.6937859448772, 43.5772016126202], [-79.6937931819451, 43.5772014765197], [-79.6938004191686, 43.5772013332173], [-79.6938076553096, 43.5772011826988], [-79.6938148915868, 43.5772010258785], [-79.6938221280197, 43.5772008618563], [-79.6938293646082, 43.5772006906322], [-79.6938366000947, 43.5772005130921], [-79.6938438344792, 43.5772003292362], [-79.6938510702576, 43.5772001381925], [-79.6938583037152, 43.5771999399186], [-79.6938655385667, 43.577199734457], [-79.6938727723161, 43.5771995226794], [-79.6938800062017, 43.5771993046], [-79.6938872390048, 43.5771990793046], [-79.6938944719635, 43.5771988468073], [-79.6939017038202, 43.5771986079941], [-79.6939089358326, 43.577198361979], [-79.6939161667623, 43.5771981087477], [-79.6939233978282, 43.5771978492147], [-79.6939306277921, 43.5771975833659], [-79.6939378579311, 43.5771973094149], [-79.6939450869486, 43.5771970300482], [-79.6939523161411, 43.5771967425795], [-79.6939595454698, 43.5771964488089], [-79.6939667724583, 43.5771961487083], [-79.6939739996024, 43.5771958414059], [-79.6939812269021, 43.5771955269014], [-79.6939884530997, 43.5771952060811], [-79.6939956782147, 43.5771948780447], [-79.6940029034659, 43.5771945437066], [-79.6940101276345, 43.5771942021524], [-79.6940173519586, 43.5771938533962], [-79.6940245751807, 43.5771934983242], [-79.6940317973008, 43.5771931369363], [-79.6940390195959, 43.5771927674463], [-79.6940462407694, 43.5771923925406], [-79.6940534608798, 43.5771920095186], [-79.6940606811263, 43.5771916201949], [-79.6940679002708, 43.5771912245552], [-79.6940751183326, 43.5771908216995], [-79.69408233655, 43.5771904116419], [-79.6940895536653, 43.5771899952684], [-79.694096769698, 43.5771895716788], [-79.6941039858667, 43.5771891417875], [-79.6941111997147, 43.577188704666], [-79.6941184136987, 43.5771882612427], [-79.6941256266001, 43.5771878106033], [-79.6941328396571, 43.5771873527621], [-79.6941400503737, 43.5771868885907], [-79.6941472612265, 43.5771864181177], [-79.6941544710161, 43.5771859395284], [-79.694161679684, 43.5771854555234], [-79.6941688885076, 43.5771849643164], [-79.6941760950103, 43.5771844658793], [-79.6941833016685, 43.5771839602402], [-79.6941905072245, 43.5771834482852], [-79.6941977116785, 43.5771829300144], [-79.6942049150498, 43.5771824045274], [-79.6942121173385, 43.5771818718245], [-79.6942193197631, 43.5771813328197], [-79.6942265198475, 43.5771807874849], [-79.6942337201069, 43.5771802340481], [-79.6942409180064, 43.5771796751813], [-79.6942481160809, 43.5771791082125], [-79.6942553130339, 43.577178535828], [-79.6942625076853, 43.5771779553131], [-79.6942697024534, 43.5771773693966], [-79.6942768961583, 43.5771767753638], [-79.694284088761, 43.5771761750152], [-79.6942912802615, 43.5771755683507], [-79.6942984706794, 43.5771749544701], [-79.6943056600145, 43.5771743333735], [-79.6943128482475, 43.5771737059609], [-79.6943200341401, 43.5771730722184], [-79.6943272201882, 43.5771724312739], [-79.6943344051536, 43.5771717831134], [-79.6943415890168, 43.5771711286369], [-79.6943487705592, 43.5771704669303], [-79.6943559522375, 43.5771697989219], [-79.6943631315949, 43.5771691236833], [-79.6943703110883, 43.577168442143], [-79.6943774882608, 43.5771677533724], [-79.6943846643312, 43.577167058286], [-79.6943918393187, 43.5771663559835], [-79.6943990132041, 43.5771656473652], [-79.6944061860068, 43.5771649315308], [-79.694413356469, 43.5771642093663], [-79.6944205270868, 43.5771634799999], [-79.6944276953641, 43.5771627443035], [-79.6944348625587, 43.577162001391], [-79.694442028651, 43.5771612521627], [-79.6944491924225, 43.5771604957041], [-79.6944563563299, 43.5771597329439], [-79.6944635179163, 43.5771589629533], [-79.6944706784005, 43.577158186647], [-79.694477837802, 43.5771574031246], [-79.6944849948631, 43.5771566132721], [-79.6944921508414, 43.5771558162035], [-79.6944993057175, 43.5771550128192], [-79.6945064595108, 43.5771542022187], [-79.6945136109636, 43.5771533852882], [-79.6945207613143, 43.5771525620419], [-79.6945279106016, 43.5771517306792], [-79.6945350587672, 43.5771508939009], [-79.6945422046119, 43.5771500498924], [-79.6945493493738, 43.5771491986679], [-79.6945564917952, 43.5771483411133], [-79.6945636331144, 43.5771474772428], [-79.6945707733508, 43.5771466061563], [-79.6945779112661, 43.5771457278396], [-79.6945850480793, 43.577144843207], [-79.694592182552, 43.5771439522444], [-79.6945993171801, 43.5771430540798], [-79.6946064482295, 43.5771421495711], [-79.6946135794343, 43.5771412378605], [-79.6946207070799, 43.5771403189056], [-79.694627834842, 43.5771393945491], [-79.6946349602831, 43.5771384629624], [-79.6946420834032, 43.5771375241455], [-79.694649205421, 43.5771365790127], [-79.694656326356, 43.5771356266639], [-79.694663444931, 43.5771346688852], [-79.6946705612045, 43.5771337029762], [-79.6946776763757, 43.5771327307513], [-79.6946847904446, 43.5771317522105], [-79.6946919009543, 43.5771307664254], [-79.6946990115998, 43.5771297743386], [-79.694706119905, 43.5771287759217], [-79.694713225889, 43.5771277702747], [-79.6947203307902, 43.5771267574115], [-79.6947274333509, 43.5771257382184], [-79.6947345335712, 43.5771247126953], [-79.6947416327086, 43.5771236799561], [-79.6947487295054, 43.5771226408869], [-79.6947558252194, 43.5771215946017], [-79.6947629185929, 43.5771205419864], [-79.6947700108641, 43.5771194830553], [-79.6947770995761, 43.5771184168799], [-79.6947841871857, 43.5771173443885], [-79.6947912737125, 43.5771162646812], [-79.6947983578987, 43.5771151786438], [-79.6948054397445, 43.5771140862764], [-79.6948125192691, 43.5771129866788], [-79.6948195976914, 43.5771118807654], [-79.6948266737927, 43.5771107676217], [-79.6948337475534, 43.5771096481481], [-79.6948408189736, 43.5771085223444], [-79.6948478893109, 43.5771073893248], [-79.6948549573077, 43.577106249975], [-79.6948620229833, 43.5771051033952], [-79.6948690875567, 43.5771039504994], [-79.6948761485512, 43.5771027912595], [-79.6948832084629, 43.5771016248036], [-79.6948902660341, 43.5771004520176], [-79.6948973212842, 43.5770992720015], [-79.6949043754318, 43.5770980856695], [-79.6949114260008, 43.5770968929934], [-79.6949184754868, 43.5770956931012], [-79.6949255226323, 43.577094486879], [-79.6949325674372, 43.5770932743268], [-79.6949396099211, 43.5770920545445], [-79.6949466500643, 43.5770908284321], [-79.6949536891052, 43.5770895960039], [-79.6949607245867, 43.5770883563314], [-79.6949677589659, 43.577087110343], [-79.694974791024, 43.5770858571244], [-79.6949818194838, 43.5770845984619], [-79.6949888468802, 43.5770833316831], [-79.6949958719165, 43.5770820594745], [-79.6950028946316, 43.5770807800358], [-79.6950099150063, 43.577079494267], [-79.6950169330597, 43.5770782012681], [-79.6950239487532, 43.5770769028394], [-79.6950309621449, 43.5770755962803], [-79.6950379731766, 43.5770742842914], [-79.6950449806489, 43.5770729650582], [-79.6950519870189, 43.5770716395091], [-79.6950589910677, 43.5770703067298], [-79.6950659927564, 43.5770689685208], [-79.695072992124, 43.5770676230815], [-79.6950799891705, 43.5770662704121], [-79.6950869826381, 43.5770649113986], [-79.6950939750033, 43.5770635460692], [-79.6951009637897, 43.5770621743957], [-79.6951079514932, 43.5770607955061], [-79.6951149355983, 43.5770594111726], [-79.6951219174018, 43.5770580187087], [-79.6951288968452, 43.5770566208151], [-79.6951358739674, 43.5770552156912], [-79.6951428487489, 43.5770538042374], [-79.6951498211899, 43.5770523864536], [-79.6951567900715, 43.5770509614255], [-79.6951637566124, 43.5770495300674], [-79.6951707208127, 43.5770480923793], [-79.6951776826918, 43.577046647461], [-79.6951846422109, 43.577045197113], [-79.6951915981706, 43.5770437395207], [-79.6951985530472, 43.5770422747123], [-79.6952055043256, 43.5770408044599], [-79.6952124520445, 43.5770393269633], [-79.695219398661, 43.5770378431508], [-79.6952263416987, 43.5770363529942], [-79.6952332824151, 43.5770348556075], [-79.6952402207715, 43.5770333527909], [-79.6952471555685, 43.5770318427301], [-79.6952540880442, 43.577030325439], [-79.6952610181598, 43.5770288027182], [-79.6952679459542, 43.5770272727672], [-79.6952748701698, 43.5770257364722], [-79.6952817920447, 43.5770241938471], [-79.6952887103407, 43.5770226448779], [-79.6952956263155, 43.5770210886786], [-79.6953025399496, 43.5770195261492], [-79.6953094500049, 43.5770179572758], [-79.6953163589576, 43.5770163820865], [-79.6953232631128, 43.5770147996388], [-79.6953301649078, 43.5770132117613], [-79.6953370643816, 43.5770116166537], [-79.6953439615147, 43.5770100152161], [-79.6953508550883, 43.5770084065341], [-79.6953577450636, 43.5770067924083], [-79.6953646327177, 43.5770051710523], [-79.6953715180311, 43.5770035433663], [-79.6953783997656, 43.5770019093362], [-79.6953852791594, 43.5770002689762], [-79.6953921549743, 43.5769986222721], [-79.6953990284679, 43.5769969683377], [-79.6954058983632, 43.5769953089595], [-79.6954127646991, 43.576993642337], [-79.6954196299324, 43.5769919693987], [-79.695426490368, 43.5769902892019], [-79.6954333484436, 43.5769886035753], [-79.6954402041978, 43.5769869107187], [-79.6954470563537, 43.576985212418], [-79.6954539049501, 43.5769835068731], [-79.6954607512058, 43.5769817949983], [-79.6954675938826, 43.5769800767793], [-79.6954744342187, 43.5769783522304], [-79.6954812709952, 43.5769766204372], [-79.6954881041735, 43.5769748832], [-79.6954949350304, 43.5769731387328], [-79.6955017623084, 43.5769713879214], [-79.6955085872457, 43.5769696307801], [-79.695515408604, 43.5769678672946], [-79.6955222263834, 43.5769660974651], [-79.6955290418221, 43.5769643213056], [-79.6955358536818, 43.5769625388021], [-79.695542661982, 43.5769607490543], [-79.6955494666839, 43.5769589538625], [-79.6955562690644, 43.5769571514406], [-79.695563067866, 43.5769553426746], [-79.6955698630887, 43.5769535275645], [-79.6955766559512, 43.5769517070247], [-79.6955834452541, 43.5769498792406], [-79.6955902309781, 43.5769480451124], [-79.6955970131426, 43.5769462037399], [-79.6956037929469, 43.5769443569376], [-79.6956105691722, 43.5769425037913], [-79.6956173418186, 43.5769406443009], [-79.6956241109054, 43.5769387775662], [-79.6956308763939, 43.5769369053876], [-79.695637639561, 43.5769350259789], [-79.6956443978915, 43.5769331411121], [-79.6956511539007, 43.5769312490152], [-79.695657906331, 43.5769293505742], [-79.6956646564009, 43.5769274467035], [-79.6956714016732, 43.5769255355744], [-79.6956781433665, 43.5769236181011], [-79.695684882719, 43.576921694298], [-79.6956916184731, 43.5769197650509], [-79.6956983494295, 43.5769178285455], [-79.695705078045, 43.5769158857101], [-79.6957118030816, 43.5769139365306], [-79.6957185245392, 43.576911981007], [-79.6957252424178, 43.5769100191394], [-79.6957319579362, 43.576908051842], [-79.6957386686568, 43.5769060772862], [-79.6957453757985, 43.5769040963864], [-79.6957520793611, 43.5769021091425], [-79.6957587805829, 43.5769001155686], [-79.6957654769876, 43.5768981156365], [-79.6957721697938, 43.5768961102606], [-79.7020163448954, 43.5750209697572], [-79.7020230360552, 43.5750189639953], [-79.7020297320512, 43.5750169636904], [-79.7020364303684, 43.5750149706146], [-79.7020431335025, 43.575012983896], [-79.7020498389964, 43.5750110026063], [-79.7020565480497, 43.5750090285598], [-79.7020632619391, 43.5750070599702], [-79.7020699781498, 43.5750050986099], [-79.7020766979585, 43.5750031426925], [-79.7020834213265, 43.5750011940184], [-79.7020901482732, 43.5749992516873], [-79.702096878818, 43.5749973147992], [-79.7021036129222, 43.5749953851542], [-79.7021103493862, 43.5749934609382], [-79.7021170906478, 43.5749915439795], [-79.7021238342499, 43.5749896333498], [-79.7021305826882, 43.574987728177], [-79.7021373334478, 43.5749858302334], [-79.702144087786, 43.5749839386329], [-79.702150845703, 43.5749820533755], [-79.7021576059605, 43.5749801744471], [-79.7021643710349, 43.5749783018759], [-79.7021711384499, 43.5749764356336], [-79.7021779094436, 43.5749745757345], [-79.702184684016, 43.5749727221784], [-79.7021914621672, 43.5749708749654], [-79.7021982426589, 43.5749690340814], [-79.7022050267293, 43.5749671995405], [-79.7022118143592, 43.5749653722428], [-79.7022186055871, 43.574963550388], [-79.7022253991363, 43.5749617357624], [-79.7022321975217, 43.5749599265938], [-79.7022389969901, 43.5749581246403], [-79.7022458012755, 43.5749563290439], [-79.7022526079015, 43.5749545397765], [-79.7022594181062, 43.5749527568522], [-79.7022662318897, 43.574950980271], [-79.7022730480137, 43.5749492100188], [-79.7022798676972, 43.5749474470098], [-79.7022866909787, 43.5749456894438], [-79.7022935165815, 43.5749439391069], [-79.7023003457825, 43.5749421942129], [-79.7023071773046, 43.574940456548], [-79.7023140124056, 43.5749387252263], [-79.7023208510853, 43.5749370002476], [-79.7023276921056, 43.5749352815979], [-79.7023345366853, 43.5749335701915], [-79.7023413848632, 43.5749318642279], [-79.7023482353623, 43.5749301654935], [-79.7023550894402, 43.5749284731022], [-79.7023619458587, 43.5749267870399], [-79.7023688046178, 43.5749251073066], [-79.7023756681939, 43.5749234339304], [-79.7023825328724, 43.5749217668692], [-79.7023894023486, 43.5749201070653], [-79.7023962729272, 43.5749184535763], [-79.7024031483227, 43.5749168064444], [-79.7024100248208, 43.5749151656274], [-79.7024169061357, 43.5749135311676], [-79.7024237885532, 43.5749119030227], [-79.7024306745301, 43.5749102821211], [-79.7024375640858, 43.5749086675625], [-79.7024444559821, 43.5749070593329], [-79.7024513514573, 43.5749054574464], [-79.7024582480349, 43.5749038618748], [-79.7024651494102, 43.5749022735605], [-79.7024720518879, 43.5749006915611], [-79.7024789579445, 43.5748991159048], [-79.7024858675799, 43.5748975465915], [-79.7024927795559, 43.5748959836073], [-79.7024996938532, 43.5748944278522], [-79.7025066104913, 43.5748928784261], [-79.7025135307081, 43.5748913353431], [-79.7025204545037, 43.5748897986031], [-79.7025273793826, 43.5748882690782], [-79.7025343078402, 43.5748867458964], [-79.7025412386578, 43.5748852281434], [-79.7025481730157, 43.5748837185338], [-79.7025551084953, 43.5748822143389], [-79.7025620475345, 43.5748807173873], [-79.7025689901525, 43.5748792267787], [-79.702575933873, 43.5748777424851], [-79.702582881153, 43.5748762654347], [-79.7025898307931, 43.5748747938131], [-79.7025967827544, 43.5748733294207], [-79.7026037382947, 43.5748718713713], [-79.7026106961563, 43.5748704205511], [-79.7026176551204, 43.5748689760458], [-79.7026246189016, 43.5748675378976], [-79.7026315837852, 43.5748661060644], [-79.7026385509903, 43.5748646814603], [-79.7026455217935, 43.5748632622991], [-79.7026524948988, 43.5748618512672], [-79.7026594703641, 43.5748604456641], [-79.7026664481508, 43.5748590472902], [-79.7026734282781, 43.5748576552453], [-79.7026804107463, 43.5748562695294], [-79.7026873967932, 43.5748548901565], [-79.7026943839234, 43.5748535179987], [-79.7027013746325, 43.574852152184], [-79.702708367663, 43.5748507935984], [-79.702715361796, 43.5748494413278], [-79.7027223595079, 43.5748480954002], [-79.7027293595605, 43.5748467558015], [-79.7027363619346, 43.5748454234321], [-79.7027433666493, 43.5748440973916], [-79.7027503737048, 43.5748427776801], [-79.7027573830817, 43.5748414651977], [-79.7027643947993, 43.5748401590444], [-79.7027714088577, 43.57483885922], [-79.7027784252375, 43.5748375666248], [-79.702785443958, 43.5748362803586], [-79.7027924650193, 43.5748350004213], [-79.7027994871638, 43.5748337276991], [-79.7028065128872, 43.57483246132], [-79.7028135409514, 43.5748312012699], [-79.702820571337, 43.5748299484489], [-79.7028276028252, 43.5748287019428], [-79.7028346378923, 43.5748274617798], [-79.7028416740427, 43.5748262288319], [-79.7028487125339, 43.5748250022129], [-79.702855754604, 43.574823781937], [-79.7028627977573, 43.5748225688762], [-79.7028698432514, 43.5748213621443], [-79.7028768898482, 43.5748201617274], [-79.7028839400045, 43.5748189685537], [-79.7028909912442, 43.5748177825951], [-79.7028980460821, 43.5748166020793], [-79.7029051020032, 43.5748154287787], [-79.7029121590271, 43.5748142617929], [-79.7029192196105, 43.5748131020504], [-79.7029262825347, 43.5748119486369], [-79.7029333465422, 43.5748108024384], [-79.7029404128905, 43.5748096625689], [-79.7029474815796, 43.5748085290284], [-79.7029545513714, 43.5748074018028], [-79.7029616234846, 43.5748062818064], [-79.7029686979192, 43.5748051690391], [-79.7029757746947, 43.5748040626008], [-79.7029828525728, 43.5748029624773], [-79.7029899327725, 43.5748018695831], [-79.7029970153129, 43.5748007830178], [-79.7030040989559, 43.5747997027675], [-79.7030111861586, 43.5747986297603], [-79.7030182732259, 43.574797563054], [-79.7030253638527, 43.5747965035909], [-79.7030324555822, 43.5747954504427], [-79.7030395484144, 43.5747944036095], [-79.7030466448063, 43.5747933640194], [-79.7030537423008, 43.5747923307442], [-79.7030608408786, 43.5747913046842], [-79.7030679417973, 43.5747902849531], [-79.7030750450375, 43.5747892724512], [-79.7030821493804, 43.5747882662642], [-79.7030892560641, 43.5747872664061], [-79.7030963638312, 43.5747862737632], [-79.7031034739198, 43.5747852883494], [-79.7031105863685, 43.5747843083643], [-79.7031176999006, 43.5747833355944], [-79.7031248145161, 43.5747823700395], [-79.7031319314725, 43.5747814108136], [-79.7031390507503, 43.5747804588169], [-79.7031461711309, 43.5747795131351], [-79.7031532926141, 43.5747785737682], [-79.7031604164189, 43.5747776416305], [-79.7031675413264, 43.5747767158076], [-79.7031746685555, 43.5747757972139], [-79.7031817981254, 43.5747748849492], [-79.7031889275405, 43.5747739798855], [-79.7031960592965, 43.5747730811507], [-79.7032031933934, 43.5747721887449], [-79.7032103285737, 43.5747713035543], [-79.7032174648374, 43.5747704255787], [-79.7032246034419, 43.574769553932], [-79.7032317431492, 43.5747686886003], [-79.7032388839399, 43.5747678304837], [-79.7032460270522, 43.5747669795962], [-79.7032531712865, 43.5747661341235], [-79.7032603178231, 43.57476529678], [-79.7032674642242, 43.5747644657374], [-79.7032746129662, 43.5747636410238], [-79.7032817640298, 43.5747628235393], [-79.703288914958, 43.5747620123557], [-79.7032960682078, 43.5747612084012], [-79.7033032237985, 43.5747604107757], [-79.7033103792344, 43.5747596203512], [-79.7033175370113, 43.5747588362557], [-79.7033246958909, 43.5747580584751], [-79.7033318558347, 43.5747572888097], [-79.7033390169005, 43.5747565245591], [-79.7033461802879, 43.5747557675376], [-79.7033533447588, 43.5747550177313], [-79.7033605103324, 43.5747542742398], [-79.7033676769895, 43.5747535379634], [-79.7033748447493, 43.5747528080019], [-79.7033820148308, 43.5747520852696], [-79.703389186015, 43.5747513688521], [-79.703396358302, 43.5747506587496], [-79.7034035316532, 43.5747499567623], [-79.7034107061264, 43.5747492601897], [-79.7034178816832, 43.5747485708323], [-79.7034250583234, 43.5747478886899], [-79.7034322373045, 43.5747472128765], [-79.7034394161309, 43.5747465442641], [-79.7034465972984, 43.5747458819807], [-79.7034537795492, 43.5747452269124], [-79.7034609616648, 43.5747445781449], [-79.7034681461019, 43.5747439366066], [-79.7034753316419, 43.5747433013831], [-79.7034825182654, 43.5747426733748], [-79.7034897059723, 43.5747420525815], [-79.7034968948014, 43.5747414372029], [-79.7035040834565, 43.5747408299256], [-79.7035112744526, 43.5747402289773], [-79.7035184665515, 43.5747396343438], [-79.7035256597339, 43.5747390469254], [-79.7035328539998, 43.5747384667221], [-79.7035400481304, 43.5747378928197], [-79.7035472446019, 43.5747373252462], [-79.7035544421376, 43.574736765788], [-79.7035616395574, 43.5747362117304], [-79.7035688392988, 43.574735664902], [-79.7035760388856, 43.5747351252746], [-79.7035832395752, 43.5747345919622], [-79.7035904413484, 43.5747340658648], [-79.703597644205, 43.5747335469825], [-79.7036048481645, 43.5747330344151], [-79.7036120532269, 43.5747325281626], [-79.7036192581347, 43.5747320291111], [-79.7036264653834, 43.5747315363886], [-79.7036336724582, 43.5747310517673], [-79.7036408806552, 43.5747305725607], [-79.7036480899358, 43.5747301005692], [-79.7036552990617, 43.5747296357788], [-79.7036625105287, 43.5747291773173], [-79.703669721841, 43.5747287260568], [-79.7036769342369, 43.5747282820114], [-79.7036841477357, 43.5747278442809], [-79.7036913610992, 43.5747274128513], [-79.7036985755463, 43.5747269886368], [-79.7037057910769, 43.5747265716373], [-79.7037130077104, 43.5747261609528], [-79.7037202241893, 43.5747257574692], [-79.7037274417711, 43.5747253603006], [-79.7037346604365, 43.5747249703471], [-79.7037418789666, 43.5747245866944], [-79.7037490985803, 43.5747242102568], [-79.7037563192776, 43.5747238410343], [-79.7037635398396, 43.5747234781127], [-79.7037707614852, 43.5747231224061], [-79.7037779842337, 43.5747227730144], [-79.7037852068277, 43.5747224308238], [-79.7037924305245, 43.574722094948], [-79.7037996540668, 43.5747217662733], [-79.703806878712, 43.5747214439135], [-79.7038141044215, 43.574721129669], [-79.7038213300151, 43.5747208208251], [-79.7038285566922, 43.5747205191964], [-79.7038357832149, 43.5747202247686], [-79.7038430108211, 43.574719937556], [-79.7038502382921, 43.5747196566442], [-79.7038574668661, 43.5747193820473], [-79.7038646952855, 43.5747191146514], [-79.7038719247885, 43.5747188544706], [-79.7038791541563, 43.5747186005907], [-79.7038863846077, 43.5747183539259], [-79.703893614924, 43.5747181135619], [-79.7039008463238, 43.574717880413], [-79.7039080775692, 43.5747176544651], [-79.7039153099174, 43.5747174348321], [-79.7039225421112, 43.5747172224002], [-79.7039297741698, 43.5747170162691], [-79.7039370073119, 43.5747168173531], [-79.7039442415571, 43.574716624752], [-79.7039514744096, 43.574716439338], [-79.7039587083458, 43.5747162611389], [-79.7039659433849, 43.5747160892548], [-79.7039731782695, 43.5747159245717], [-79.7039804130189, 43.5747157661895], [-79.7039876476139, 43.5747156150083], [-79.7039948832925, 43.5747154710422], [-79.7040021188359, 43.574715333377], [-79.704009355463, 43.5747152029268], [-79.7040165907167, 43.5747150787635], [-79.7040238282923, 43.5747149618293], [-79.7040310644946, 43.5747148511819], [-79.7040383005424, 43.5747147477355], [-79.7040455376739, 43.5747146515042], [-79.7040527746702, 43.5747145615737], [-79.7040600127502, 43.5747144788584], [-79.7040672494375, 43.5747144033301], [-79.7040744872279, 43.5747143341166], [-79.7040817248831, 43.574714271204], [-79.7040889636221, 43.5747142155065], [-79.7040962009684, 43.574714166996], [-79.7041034393984, 43.5747141257005], [-79.7041106764551, 43.5747140906919], [-79.7041179146148, 43.5747140619982], [-79.7041251526201, 43.5747140405055], [-79.7041323917091, 43.5747140262279], [-79.7041396294248, 43.5747140182371], [-79.7041468682242, 43.5747140174614], [-79.704154105631, 43.5747140238727], [-79.7041613441409, 43.5747140365989], [-79.7041685825156, 43.574714055626], [-79.7041758207166, 43.5747140827543], [-79.7041830587825, 43.5747141161834], [-79.7041902967132, 43.5747141559134], [-79.7041975344895, 43.5747142028444], [-79.7042047721114, 43.5747142569765], [-79.7042120095983, 43.5747143174094], [-79.7042192469306, 43.5747143850434], [-79.7042264853661, 43.5747144589923], [-79.704233722409, 43.5747145401282], [-79.7042409592974, 43.5747146284651], [-79.7042481960508, 43.5747147231029], [-79.7042554326498, 43.5747148249417], [-79.7042626703518, 43.5747149330954], [-79.7042699066613, 43.5747150484361], [-79.7042771428164, 43.5747151709779], [-79.7042843788364, 43.5747152998205], [-79.704291614702, 43.5747154358642], [-79.7042988504325, 43.5747155782087], [-79.7043060847705, 43.5747157277403], [-79.7043133202116, 43.5747158835867], [-79.7043205542408, 43.5747160475203], [-79.7043277893925, 43.5747162168686], [-79.7043350231322, 43.5747163943042], [-79.7043422567562, 43.5747165771404], [-79.7043494902066, 43.5747167680778], [-79.7043567235219, 43.5747169653161], [-79.7043639566828, 43.5747171697554], [-79.7043711884705, 43.5747173804816], [-79.704378421342, 43.5747175984228], [-79.7043856528403, 43.5747178226509], [-79.7043928841843, 43.5747180540799], [-79.7044001141357, 43.5747182926961], [-79.7044073451902, 43.5747185376271], [-79.7044145748523, 43.5747187897451], [-79.7044218043793, 43.574719048164], [-79.7044290325138, 43.5747193137699], [-79.7044362617321, 43.5747195865908], [-79.7044434895772, 43.5747198656986], [-79.704450717268, 43.5747201520075], [-79.7044579435856, 43.5747204446031], [-79.7044651709871, 43.5747207444139], [-79.7044723957772, 43.5747210504974], [-79.7044796216511, 43.574721363796], [-79.7044868461326, 43.5747216842816], [-79.704494070479, 43.5747220110681], [-79.7045012946711, 43.5747223450557], [-79.7045085174901, 43.57472268533], [-79.7045157401547, 43.5747230328054], [-79.7045229614269, 43.5747233874679], [-79.7045301825641, 43.5747237484311], [-79.7045374035469, 43.5747241165955], [-79.7045446231567, 43.5747244910466], [-79.7045518426121, 43.5747248726988], [-79.7045590606943, 43.5747252606379], [-79.7045662786223, 43.574725655778], [-79.7045734951578, 43.5747260581051], [-79.7045807115583, 43.574726466733], [-79.7045879278045, 43.574726882562], [-79.7045951426776, 43.5747273046779], [-79.7046023561583, 43.5747277339807], [-79.7046095694847, 43.5747281704846], [-79.7046167814379, 43.5747286132754], [-79.7046239932369, 43.5747290632672], [-79.7046312049009, 43.5747295195598], [-79.7046384151724, 43.5747299830394], [-79.7046456240709, 43.5747304528059], [-79.7046528328151, 43.5747309297735], [-79.7046600401862, 43.5747314130279], [-79.7046672461455, 43.5747319043695], [-79.7046744519892, 43.5747324011117], [-79.7046816576786, 43.574732905055], [-79.7046888607375, 43.5747334161713], [-79.7046960648802, 43.5747339345027], [-79.7047032664118, 43.5747344591069], [-79.7047104678083, 43.5747349900119], [-79.7047176678125, 43.574735528104], [-79.7047248676624, 43.5747360733971], [-79.7047320661392, 43.574736624977], [-79.7047392632237, 43.574737183744], [-79.704746458935, 43.5747377487978], [-79.7047536544921, 43.5747383210527], [-79.7047608486761, 43.5747388995944], [-79.7047680414678, 43.5747394853231], [-79.7047752341052, 43.5747400782529], [-79.7047824253695, 43.5747406774694], [-79.7047896152608, 43.5747412829729], [-79.7047968037404, 43.5747418965635], [-79.7048039921044, 43.5747425155548], [-79.7048111790567, 43.5747431426334], [-79.7048183646552, 43.5747437750986], [-79.7048255488421, 43.574744415651], [-79.7048327316559, 43.5747450624902], [-79.7048399143348, 43.5747457156303], [-79.7048470956214, 43.5747463759574], [-79.7048542755156, 43.5747470434716], [-79.7048614540367, 43.5747477172726], [-79.7048686311655, 43.5747483982606], [-79.7048758069212, 43.5747490855355], [-79.7048829825228, 43.5747497800114], [-79.7048901555131, 43.5747504807601], [-79.7048973283493, 43.5747511887099], [-79.7049044998124, 43.5747519029465], [-79.7049116698833, 43.5747526243701], [-79.7049188385617, 43.5747533529808], [-79.704926004629, 43.5747540878643], [-79.7049331717996, 43.5747548290627], [-79.7049403363396, 43.5747555774341], [-79.7049474994874, 43.5747563329925], [-79.7049546612621, 43.5747570948377], [-79.7049618216445, 43.57475786387], [-79.7049689806539, 43.5747586391891], [-79.7049761382903, 43.5747594207951], [-79.704983294515, 43.5747602104883], [-79.7049904493861, 43.5747610055681], [-79.7049976040837, 43.5747618087492], [-79.7050047561895, 43.5747626173029], [-79.7050119056454, 43.5747634339299], [-79.7050190549859, 43.5747642559575], [-79.7050262029147, 43.5747650860723], [-79.7050333494705, 43.5747659224739], [-79.7050404946534, 43.5747667651624], [-79.7050476372058, 43.5747676150239], [-79.7050547783852, 43.5747684711723], [-79.7050619194105, 43.5747693345217], [-79.7050690578246, 43.574770204144], [-79.7050761948464, 43.5747710809532], [-79.705083330476, 43.5747719649495], [-79.7050904647326, 43.5747728552327], [-79.7050975963781, 43.5747737517887], [-79.7051047266312, 43.5747746555317], [-79.7051118567496, 43.5747755655756], [-79.7051189842375, 43.5747764827924], [-79.705126109095, 43.5747774071824], [-79.7051332338178, 43.5747783378731], [-79.7051403559294, 43.5747792748367], [-79.7051474766487, 43.5747802189874], [-79.7051545959951, 43.5747811694249], [-79.705161712711, 43.5747821270354], [-79.7051688292922, 43.5747830909468], [-79.7051759432429, 43.5747840620312], [-79.7051830545826, 43.5747850393884], [-79.7051901657681, 43.5747860239467], [-79.7051972743426, 43.5747870147778], [-79.7052043815248, 43.5747880127959], [-79.7052114860959, 43.5747890170869], [-79.7052185892748, 43.574790028565], [-79.7052256910808, 43.5747910463298], [-79.7052327902563, 43.5747920712678], [-79.705239888059, 43.5747931024925], [-79.7052469844887, 43.5747941400041], [-79.7052540782879, 43.5747951846887], [-79.7052611706951, 43.5747962365604], [-79.7052682617292, 43.5747972947189], [-79.7052753501523, 43.5747983591503], [-79.705282435945, 43.5747994307546], [-79.7052895216029, 43.5748005086599], [-79.7052966033924, 43.5748015937241], [-79.7053036850471, 43.5748026850893], [-79.7053107640714, 43.5748037836274], [-79.7053178404846, 43.5748048884384], [-79.7053249155056, 43.5748060004364], [-79.7053319879156, 43.5748071187073], [-79.7053390589527, 43.574808243265], [-79.7053461273594, 43.5748093749958], [-79.7053531943933, 43.5748105130134], [-79.7053602600349, 43.5748116582181], [-79.7053673218273, 43.5748128096815], [-79.7053743834657, 43.574813968346], [-79.7053814412549, 43.5748151332694], [-79.7053884976519, 43.5748163053798], [-79.7053955526953, 43.5748174828769], [-79.7054026050891, 43.5748186684472], [-79.7054096548719, 43.5748198602904], [-79.7054167032818, 43.5748210584203], [-79.7054237490806, 43.5748222628232], [-79.7054307922491, 43.5748234743991], [-79.7054378340255, 43.574824693162], [-79.7054448731908, 43.5748259181978], [-79.7054519109832, 43.5748271495204], [-79.7054589461454, 43.5748283880161], [-79.7054659786965, 43.5748296327846], [-79.7054730098747, 43.5748308838399], [-79.7054800371845, 43.5748321420543], [-79.7054870643596, 43.5748334065696], [-79.7054940876662, 43.5748346782439], [-79.7055011096, 43.574835956205], [-79.7055081276846, 43.574837240425], [-79.7055151456152, 43.574838531846], [-79.7055221596966, 43.5748398295259], [-79.705529172386, 43.5748411343929], [-79.7055361824643, 43.5748424455327], [-79.7055431899316, 43.5748437629453], [-79.7055501947686, 43.574845087531], [-79.7055571982328, 43.5748464184035], [-79.7055641978286, 43.5748477564351], [-79.7055711960515, 43.5748491007535], [-79.7055781916634, 43.5748504513448], [-79.7055851859025, 43.5748518082229], [-79.7055921762732, 43.5748531722601], [-79.7055991652517, 43.5748545434843], [-79.7056061504004, 43.5748559200672], [-79.705613134157, 43.5748573038371], [-79.7056201152833, 43.5748586947801], [-79.7056270938179, 43.5748600910958], [-79.705634069703, 43.5748614954846], [-79.7056410429964, 43.5748629052462], [-79.7056480136596, 43.5748643221808], [-79.7056549829499, 43.5748657454022], [-79.7056619483911, 43.5748671748825], [-79.7056689112021, 43.5748686115359], [-79.7056758726403, 43.5748700544761], [-79.70568283021, 43.5748715045754], [-79.7056897864069, 43.5748729609615], [-79.7056967387548, 43.5748744236065], [-79.7057036897298, 43.5748758925383], [-79.7057106368365, 43.5748773686292], [-79.7057175825703, 43.574878851007], [-79.7057245244551, 43.5748803396436], [-79.7057314649478, 43.5748818354673], [-79.7057384015913, 43.5748833375498], [-79.705745335624, 43.5748848459051], [-79.7057522682646, 43.5748863614476], [-79.705759197056, 43.5748878832489], [-79.7057661232366, 43.574889411323], [-79.7057730467869, 43.5748909465702], [-79.7057799677263, 43.5748924880903], [-79.7057868848165, 43.5748940358692], [-79.7057938005341, 43.574895589935], [-79.7058007123833, 43.5748971511599], [-79.7058076228596, 43.5748987186716], [-79.705814529487, 43.5749002924422], [-79.705821433484, 43.5749018733858], [-79.7058283348895, 43.5749034597022], [-79.7058352336455, 43.5749050540917], [-79.7058421285717, 43.57490665384], [-79.705849020887, 43.574908259861], [-79.7058559105721, 43.5749098730552], [-79.705862797627, 43.5749114934224], [-79.7058696820903, 43.5749131191623], [-79.7058765626852, 43.5749147520612], [-79.7058834406885, 43.5749163903329], [-79.7058903160424, 43.5749180366778], [-79.7058971888046, 43.5749196883953], [-79.7059040576985, 43.5749213472719], [-79.7059109239814, 43.5749230124214], [-79.7059177876536, 43.5749246838438], [-79.7059246487148, 43.574926361539], [-79.7059315059077, 43.5749280463933], [-79.7059383605089, 43.5749297366203], [-79.7059452112226, 43.5749314349065], [-79.7059520593447, 43.5749331385654], [-79.7059589048558, 43.5749348484972], [-79.7059657464987, 43.574936565588], [-79.7059725867688, 43.5749382889657], [-79.7059794219518, 43.5749400185883], [-79.705986255762, 43.5749417544978], [-79.7059930844657, 43.5749434975523], [-79.7059999117968, 43.5749452468937], [-79.7060067352788, 43.574947002494], [-79.7060135561499, 43.5749487643671], [-79.7060203731721, 43.5749505324992], [-79.7060271875833, 43.5749523069041], [-79.7060339981263, 43.5749540884681], [-79.7060408060583, 43.5749558763049], [-79.7060476101414, 43.5749576704006], [-79.7060544116136, 43.5749594707693], [-79.7060612104557, 43.5749612783109], [-79.7060680054681, 43.5749630912113], [-79.7060747966121, 43.5749649112707], [-79.7060815851454, 43.574966737603], [-79.7060883698295, 43.5749685701943], [-79.7060951519029, 43.5749704090583], [-79.706101930108, 43.5749722550815], [-79.7061087057215, 43.5749741064773], [-79.7061154774668, 43.5749759650323], [-79.7061222466204, 43.5749778289599], [-79.7061290119058, 43.5749797000466], [-79.7061357733422, 43.5749815773922], [-79.7061425321485, 43.5749834619108], [-79.7061492871251, 43.5749853517881], [-79.7061560394908, 43.5749872479384], [-79.7061627879883, 43.5749891512477], [-79.7061695326368, 43.5749910608159], [-79.7061762746745, 43.5749929766569], [-79.7061830128825, 43.5749948978567], [-79.7061897472029, 43.5749968271158], [-79.7061964789318, 43.5749987617475], [-79.7062032055735, 43.5750007026241], [-79.7062099308426, 43.5750026497877], [-79.7062166510053, 43.5750046040963], [-79.7062233685765, 43.5750065637776], [-79.7062300822794, 43.575008530618], [-79.7062367933908, 43.5750105028311], [-79.7062434993957, 43.5750124821892], [-79.7062502027899, 43.5750144678203], [-79.7062569023351, 43.5750164597102], [-79.7062635992695, 43.5750184578731], [-79.7062702911167, 43.5750204622808], [-79.7062769803532, 43.5750224729615], [-79.7062836657407, 43.575024489901], [-79.70629034726, 43.5750265139996], [-79.7062970261878, 43.575028543471], [-79.7063037000284, 43.5750305791872], [-79.706310371239, 43.5750326220765], [-79.7063170386199, 43.5750346703245], [-79.7063237021519, 43.5750367248314], [-79.7063303618157, 43.5750387864974], [-79.7063370188879, 43.5750408535362], [-79.7063436708538, 43.57504292772], [-79.7063503202088, 43.5750450081767], [-79.7063569644961, 43.5750470939781], [-79.7063636061533, 43.5750491869527], [-79.7063702439808, 43.5750512852859], [-79.7063768779402, 43.5750533907782], [-79.7063835080506, 43.5750555025294], [-79.7063901343313, 43.5750576196394], [-79.7063967567439, 43.5750597439084], [-79.7064033753267, 43.5750618735361], [-79.7064099900414, 43.575064010323], [-79.7064166009072, 43.5750661533687], [-79.7064232079433, 43.5750683017732], [-79.7064298123494, 43.5750704573508], [-79.7064364116876, 43.5750726182731], [-79.7064430071577, 43.5750747863544], [-79.7064495987981, 43.5750769597945], [-79.7064561865896, 43.5750791394936], [-79.706462770513, 43.5750813263517], [-79.7064693506067, 43.5750835185685], [-79.7064759268514, 43.5750857170443], [-79.706482499228, 43.5750879226791], [-79.706489067775, 43.5750901336727], [-79.7064956324731, 43.5750923509252], [-79.7065021920841, 43.5750945744226], [-79.7065087490843, 43.5750968041929], [-79.7065153010167, 43.5750990393079], [-79.7065218503192, 43.5751012815961], [-79.7065283945346, 43.5751035301291], [-79.706534934901, 43.5751057849211], [-79.7065414714379, 43.5751080450718], [-79.7065480028877, 43.5751103114675], [-79.7065545317075, 43.5751125850362], [-79.7065610554595, 43.5751148639497], [-79.7065675753627, 43.5751171491221], [-79.7065740914169, 43.5751194405534], [-79.7065806036223, 43.5751217382436], [-79.7065871119788, 43.5751240421928], [-79.7065936152674, 43.5751263514867], [-79.706600114688, 43.5751286679397], [-79.7066066102789, 43.5751309897514], [-79.706613102021, 43.5751333178221], [-79.706619588676, 43.5751356521376], [-79.7066260714821, 43.5751379927122], [-79.7066325504394, 43.5751403395456], [-79.7066390255478, 43.575142692638], [-79.7066454955884, 43.575145051075], [-79.7066519617609, 43.5751474166713], [-79.7066584241038, 43.5751497876263], [-79.7066648813596, 43.5751521648261], [-79.7066713347666, 43.575154548285], [-79.706677784344, 43.5751569371025], [-79.7066842288151, 43.5751593330652], [-79.7066906694566, 43.5751617343867], [-79.706697105011, 43.575164141953], [-79.7067035379548, 43.5751665557923], [-79.7067099645927, 43.5751689749623], [-79.7067163886006, 43.5751714013055], [-79.7067228075407, 43.5751738329934], [-79.706729222632, 43.5751762709403], [-79.7067356326363, 43.5751787151321], [-79.706742038811, 43.5751811646826], [-79.7067484398794, 43.5751836213783], [-79.7067548371183, 43.5751860834327], [-79.7067612292701, 43.575188551732], [-79.7067676175923, 43.5751910253901], [-79.7067740020465, 43.5751935062074], [-79.7067803814329, 43.5751959923694], [-79.7088421693227, 43.5760007603965], [-79.7088503824676, 43.5760039703731], [-79.7088585905453, 43.5760071856942], [-79.7088667947747, 43.5760104072741], [-79.7088749939367, 43.5760136341986], [-79.7088831892313, 43.5760168682821], [-79.7088913794777, 43.5760201068101], [-79.7088995658567, 43.576023352497], [-79.7089077471684, 43.5760266035285], [-79.7089159246317, 43.5760298608188], [-79.7089240970085, 43.576033124354], [-79.7089322655563, 43.5760363932477], [-79.7089404290176, 43.5760396683863], [-79.7089485873923, 43.5760429497696], [-79.7089567419188, 43.5760462374118], [-79.7089648926162, 43.5760495304126], [-79.7089730382463, 43.576052828758], [-79.7089811787708, 43.5760561342484], [-79.7089893154661, 43.5760594450974], [-79.7089974470942, 43.576062761291], [-79.7090055736166, 43.5760660846297], [-79.7090136963099, 43.576069413327], [-79.7090218139359, 43.5760727473689], [-79.7090299277137, 43.5760760876696], [-79.709038036405, 43.5760794342151], [-79.7090461400099, 43.5760827870055], [-79.7090542397856, 43.5760861451545], [-79.7090623344749, 43.5760895095483], [-79.7090704253352, 43.5760928793007], [-79.7090785098707, 43.576096255284], [-79.709086590558, 43.5760996375261], [-79.7090946674163, 43.5761030251268], [-79.7091027391881, 43.5761064189724], [-79.7091108058927, 43.5761098181625], [-79.7091188675108, 43.5761132235975], [-79.7091269252806, 43.5761166352914], [-79.7091349779832, 43.5761200523299], [-79.7091430255993, 43.5761234756132], [-79.7091510693864, 43.5761269042551], [-79.7091591068489, 43.576130339128], [-79.7091671417205, 43.5761337793734], [-79.7091751702675, 43.5761372258497], [-79.7091831949662, 43.5761406785848], [-79.7091912133596, 43.5761441366506], [-79.7091992279046, 43.5761476009752], [-79.7092072386206, 43.5761510706584], [-79.709215243012, 43.5761545465725], [-79.7092232435744, 43.5761580278453], [-79.7092312390503, 43.5761615153629], [-79.7092392294398, 43.5761650091253], [-79.7092472160003, 43.5761685082464], [-79.7092551962554, 43.5761720126982], [-79.709263172643, 43.576175524309], [-79.7092711439826, 43.5761790403643], [-79.7092791102358, 43.5761825626644], [-79.7092870726408, 43.5761860912234], [-79.7092950287403, 43.576189625113], [-79.7093029809917, 43.5761931652615], [-79.7093109281758, 43.5761967107547], [-79.7093188702735, 43.5762002624927], [-79.709326807304, 43.5762038195754], [-79.7093347392673, 43.5762073820027], [-79.709342666125, 43.5762109515751], [-79.7093505891729, 43.576214525606], [-79.7093585058962, 43.5762181058678], [-79.7093664187713, 43.5762216923884], [-79.7093743265791, 43.5762252842537], [-79.7093822293006, 43.5762288823638], [-79.7093901269549, 43.5762324858187], [-79.709398019542, 43.5762360946182], [-79.7094059070427, 43.5762397096626], [-79.7094137894762, 43.5762433300517], [-79.7094216668233, 43.5762469566856], [-79.7094295391032, 43.5762505886643], [-79.7094374075349, 43.5762542269017], [-79.7094452696612, 43.5762578704699], [-79.7094531267012, 43.576261520283], [-79.7094609799122, 43.5762651754548], [-79.7094688268177, 43.5762688359572], [-79.7094766698752, 43.5762725027185], [-79.709484506608, 43.5762761757107], [-79.709492339531, 43.5762798531614], [-79.7095001661295, 43.5762835368431], [-79.7095079888797, 43.5762872267835], [-79.7095158053247, 43.5762909220547], [-79.7095236167024, 43.5762946226706], [-79.709531424232, 43.5762983295454], [-79.7095392254562, 43.5763020417508], [-79.7095470216132, 43.576305759301], [-79.7095548139221, 43.57630948311], [-79.7095625999063, 43.57631321315], [-79.7095703808427, 43.5763169476345], [-79.7095781566927, 43.5763206883638], [-79.7095859274562, 43.5763244353381], [-79.7095936931719, 43.5763281867569], [-79.7096014538012, 43.5763319444205], [-79.7096092081059, 43.5763357083152], [-79.7096169585816, 43.5763394775684], [-79.7096247027521, 43.5763432521525], [-79.7096324430935, 43.5763470320952], [-79.7096401771104, 43.5763508182688], [-79.7096479060602, 43.5763546097872], [-79.7096556299236, 43.5763584075504], [-79.709663348739, 43.5763622097582], [-79.7096710624681, 43.5763660182109], [-79.7096787698727, 43.5763698328945], [-79.7096864734483, 43.5763736529368], [-79.7096941707186, 43.5763774783099], [-79.7097018629217, 43.5763813090277], [-79.7097095500385, 43.5763851459904], [-79.7097172320881, 43.5763889882978], [-79.7097249078324, 43.576392835936], [-79.7097325785096, 43.5763966889189], [-79.7097402453386, 43.5764005481607], [-79.7097479046241, 43.5764044127192], [-79.7097555600614, 43.5764082835367], [-79.7097632104509, 43.5764121587987], [-79.7097708545158, 43.5764160402916], [-79.7097784935135, 43.5764199271293], [-79.709786127425, 43.5764238202119], [-79.7097937550503, 43.5764277177251], [-79.7098013775892, 43.5764316214832], [-79.7098089950611, 43.576435530586], [-79.7098166074466, 43.5764394459338], [-79.709824214765, 43.5764433666263], [-79.7098318157973, 43.5764472917494], [-79.709839411724, 43.5764512240176], [-79.7098470013647, 43.5764551607163], [-79.7098545871764, 43.5764591027738], [-79.7098621666635, 43.5764630510623], [-79.7098697398454, 43.5764670046815], [-79.7098773091984, 43.5764709636595], [-79.7098848722268, 43.5764749288684], [-79.7098924302074, 43.5764788985218], [-79.7098999818634, 43.5764828744063], [-79.7099075284522, 43.5764868556354], [-79.7099150699741, 43.5764908422094], [-79.7099226051905, 43.5764948341141], [-79.7099301353207, 43.5764988322637], [-79.709937660403, 43.5765028348579], [-79.7099451791607, 43.5765068436831], [-79.7099526928514, 43.5765108578531], [-79.7099602002367, 43.5765148773538], [-79.709967703774, 43.5765189031135], [-79.7099751997869, 43.5765229332898], [-79.7099826919517, 43.576526969725], [-79.7099901765731, 43.576531011477], [-79.7099976573847, 43.5765350576875], [-79.7100051318719, 43.5765391101291], [-79.7100126012919, 43.5765431679154], [-79.7100200643874, 43.5765472319327], [-79.7100275224351, 43.5765513003946], [-79.7100349741582, 43.5765553750874], [-79.7100424208335, 43.5765594542249], [-79.7100498611842, 43.5765635395933], [-79.7100572964679, 43.5765676303065], [-79.7100647266845, 43.5765717263645], [-79.7100721505958, 43.5765758277532], [-79.7100795682018, 43.5765799344728], [-79.7100869807407, 43.5765840465372], [-79.7100943882125, 43.5765881639463], [-79.710101789379, 43.5765922866862], [-79.7101091842211, 43.5765964156572], [-79.7101165740153, 43.5766005490727], [-79.7101239587231, 43.5766046887332], [-79.7101313371449, 43.5766088328243], [-79.7101387092422, 43.5766129831464], [-79.7101460762917, 43.5766171379131], [-79.7101534370166, 43.5766212989108], [-79.7101607926745, 43.5766254652533], [-79.7101681432844, 43.5766296360404], [-79.7101754863318, 43.5766338130445], [-79.710182824312, 43.5766379953935], [-79.7101901572251, 43.5766421830872], [-79.710197483833, 43.5766463761117], [-79.7102048041548, 43.5766505735669], [-79.7102121193903, 43.576654777267], [-79.7102194283206, 43.576658986298], [-79.7102267321838, 43.5766632006738], [-79.7102340297417, 43.5766674203804], [-79.7102413209943, 43.5766716454178], [-79.7102486071991, 43.5766758748998], [-79.7102558870793, 43.5766801106129], [-79.7102631618926, 43.5766843516707], [-79.7102704291623, 43.5766885980455], [-79.7102776926224, 43.5766928488788], [-79.7102849485198, 43.5766971059292], [-79.7102921993502, 43.5767013683243], [-79.7102994438944, 43.5767056351502], [-79.7103066833525, 43.5767099082209], [-79.7103139165244, 43.5767141857224], [-79.7103211433911, 43.5767184685547], [-79.7103283639333, 43.576722757618], [-79.7103355794277, 43.576727051126], [-79.7103427886168, 43.5767313499648], [-79.7103499927388, 43.5767356541484], [-79.7103571893174, 43.5767399636489], [-79.7103643808289, 43.5767442784942], [-79.7103715672733, 43.5767485986843], [-79.7103787461936, 43.5767529232911], [-79.7103859200275, 43.576757254143], [-79.7103930875754, 43.5767615894254], [-79.7104002487988, 43.576765930939], [-79.7104074049743, 43.5767702768971], [-79.7104145548447, 43.5767746281861], [-79.7104216984097, 43.576778984806], [-79.7104288356695, 43.5767833467567], [-79.7104359666433, 43.5767877131381], [-79.7104430925307, 43.5767920857646], [-79.7104502121322, 43.5767964628216], [-79.7104573254284, 43.5768008452096], [-79.7104644336575, 43.5768052329424], [-79.7104715343432, 43.5768096259921], [-79.7104786299618, 43.5768140243866], [-79.7104857192751, 43.576818428112], [-79.7104928023025, 43.576822836268], [-79.7104998790245, 43.5768272497549], [-79.7105069494414, 43.5768316685727], [-79.7105140147911, 43.5768360927354], [-79.7105210738357, 43.5768405222289], [-79.7105281253559, 43.5768449561391], [-79.7105351718092, 43.5768493953941], [-79.7105422131954, 43.5768538399941], [-79.7105492470381, 43.5768582899109], [-79.7105562745948, 43.5768627442584], [-79.7105632970652, 43.5768672048509], [-79.7105703120114, 43.5768716698602], [-79.7105773218906, 43.5768761402143], [-79.7105843254837, 43.5768806149991], [-79.7105913227715, 43.5768850951148], [-79.7105983137541, 43.5768895805614], [-79.7106052984315, 43.5768940713388], [-79.7106122768036, 43.5768985674472], [-79.7106192488897, 43.5769030679862], [-79.7106262159088, 43.5769075738701], [-79.7106331753844, 43.576912085071], [-79.7106401298121, 43.5769166007165], [-79.7106470766772, 43.5769211225791], [-79.7106540185137, 43.5769256479862], [-79.7106609527875, 43.5769301796104], [-79.7106678820135, 43.5769347156793], [-79.7106748036961, 43.5769392570651], [-79.7106817203116, 43.5769438037957], [-79.7106886306411, 43.5769483549571], [-79.7106955334271, 43.5769529114355], [-79.7107024311461, 43.5769574732587], [-79.7107093225791, 43.5769620395126], [-79.7107162064686, 43.5769666110834], [-79.7107230852911, 43.5769711879991], [-79.7107299578275, 43.5769757693456], [-79.7107368228205, 43.5769803560089], [-79.7107436827464, 43.5769849480171], [-79.7107505351482, 43.5769895444422], [-79.7107573824829, 43.576994146212], [-79.7107642222741, 43.5769987532989], [-79.7107710570175, 43.5770033648304], [-79.7107778842367, 43.5770079807787], [-79.7107847051314, 43.577012602958], [-79.7107915197401, 43.5770172295681], [-79.710798329301, 43.5770218606229], [-79.7108051313184, 43.5770264969947], [-79.7108119270306, 43.5770311386974], [-79.7108187151994, 43.577035785717], [-79.7108254983395, 43.5770404362811], [-79.7108322751552, 43.5770450930764], [-79.7108390444466, 43.5770497542884], [-79.7108458086711, 43.5770544208453], [-79.7108525653712, 43.577059091819], [-79.7108593157662, 43.5770637681236], [-79.7108660598751, 43.5770684488589], [-79.7108727976787, 43.5770731349252], [-79.7108795291964, 43.5770778254222], [-79.7108862544088, 43.5770825212502], [-79.7108929720778, 43.5770872223951], [-79.7108996846989, 43.5770919279848], [-79.7109063897958, 43.5770966379912], [-79.7109130885875, 43.5771013533285], [-79.7109197810739, 43.5771060739968], [-79.7109264660361, 43.5771107990819], [-79.7109331459505, 43.5771155286116], [-79.7109398183214, 43.5771202634584], [-79.7109464843871, 43.5771250036361], [-79.7109531441668, 43.5771297482446], [-79.7109597964222, 43.5771344972698], [-79.7109664436106, 43.57713925164], [-79.7109730832747, 43.5771440104269], [-79.7109797166336, 43.5771487745449], [-79.7109863436873, 43.5771535439937], [-79.7184628786103, 43.5825385232944], [-79.7184695103322, 43.5825433031636], [-79.7184761345106, 43.5825480883503], [-79.7184827511837, 43.5825528770541], [-79.7184893627709, 43.5825576720033], [-79.7184959668527, 43.5825624704696], [-79.7185025646104, 43.5825672751675], [-79.7185091548627, 43.5825720833824], [-79.7185157388099, 43.5825768969287], [-79.7185223164519, 43.5825817158064], [-79.7185288878079, 43.5825865391153], [-79.7185354528778, 43.5825913668553], [-79.7185420104042, 43.5825961999129], [-79.7185485604063, 43.5826010373877], [-79.7185551053606, 43.5826058793076], [-79.7185616427714, 43.582610726545], [-79.7185681738962, 43.5826155782136], [-79.7185746974775, 43.5826204351996], [-79.7185812147728, 43.5826252966169], [-79.7185877257628, 43.5826301633655], [-79.7185942292476, 43.5826350336312], [-79.7186007264082, 43.5826399101285], [-79.7186072173018, 43.5826447901568], [-79.7186137006519, 43.5826496755027], [-79.7186201777159, 43.5826545652797], [-79.7186266484748, 43.5826594603881], [-79.7186331117093, 43.5826643599138], [-79.7186395686577, 43.5826692638707], [-79.7186460180818, 43.5826741722449], [-79.7186524612007, 43.5826790859505], [-79.7186588967952, 43.5826840040734], [-79.7186653273228, 43.5826889275416], [-79.7186717491069, 43.582693854513], [-79.7186781658241, 43.5826987868297], [-79.7186845737595, 43.5827037244501], [-79.7186909766663, 43.5827086656153], [-79.7186973720296, 43.5827136120981], [-79.7187037598494, 43.5827185638983], [-79.7187101414022, 43.5827235192296], [-79.7187165166499, 43.5827284798923], [-79.7187228843732, 43.5827334449723], [-79.7187292458104, 43.5827384144835], [-79.7187355997233, 43.5827433884121], [-79.7187419473309, 43.582748367672], [-79.7187482874142, 43.5827533513494], [-79.7187546212114, 43.5827583394579], [-79.7187609474842, 43.5827633319837], [-79.7187672674519, 43.582768329841], [-79.7187735798952, 43.5827733321155], [-79.7187798860524, 43.5827783388214], [-79.7187861846852, 43.5827833499445], [-79.7187924770129, 43.5827883663991], [-79.7187987618352, 43.5827933863708], [-79.7188050403524, 43.582798411674], [-79.7188113113452, 43.5828034413944], [-79.7188175760519, 43.5828084755461], [-79.7188238332343, 43.5828135141152], [-79.7188300828731, 43.5828185580018], [-79.7188363262259, 43.5828236063196], [-79.7188425633117, 43.5828286581685], [-79.718848792854, 43.5828337153349], [-79.7188550148719, 43.5828387769186], [-79.7188612305846, 43.5828438438338], [-79.718867438792, 43.5828489142662], [-79.7188736394751, 43.5828539891159], [-79.7188798338529, 43.582859069297], [-79.7188860207064, 43.5828641538955], [-79.7188922012929, 43.5828692420251], [-79.7188983743359, 43.5828743354722], [-79.7189045410928, 43.5828794333505], [-79.7189107003253, 43.5828845356462], [-79.7189168520143, 43.5828896432595], [-79.7189229974364, 43.5828947544038], [-79.718929135334, 43.5828998699654], [-79.7189352657072, 43.5829049899445], [-79.7189413897753, 43.582910115255], [-79.718947506338, 43.5829152440826], [-79.7189536153573, 43.5829203782279], [-79.7189597180904, 43.5829255168044], [-79.7189658133183, 43.582930658898], [-79.718971902241, 43.5829358063231], [-79.7189779824009, 43.5829409581517], [-79.7189840575322, 43.5829461135253], [-79.7189901238817, 43.5829512742025], [-79.718996183945, 43.582956439311], [-79.7190022365031, 43.5829616079367], [-79.7190082815176, 43.58296678188], [-79.7190143202461, 43.5829719602545], [-79.7190203514502, 43.5829771430464], [-79.7190263751489, 43.5829823293555], [-79.7190323913041, 43.5829875209822], [-79.7190384011732, 43.5829927170401], [-79.7190444035371, 43.5829979166153], [-79.7190503983574, 43.583003121508], [-79.7190563869107, 43.5830083299318], [-79.7190623679205, 43.5830135436732], [-79.719068341425, 43.5830187609318], [-79.7190743073859, 43.5830239835079], [-79.7190802670799, 43.5830292096152], [-79.7190862192494, 43.5830344401398], [-79.7190921638946, 43.5830396750819], [-79.7190981010153, 43.5830449144414], [-79.7191040306115, 43.5830501582182], [-79.7191099539217, 43.5830554064263], [-79.7191158697075, 43.5830606590518], [-79.719121777988, 43.5830659151946], [-79.7191276787248, 43.5830711766549], [-79.7191335731948, 43.5830764416463], [-79.7191394601212, 43.5830817119554], [-79.7191453383039, 43.5830869857677], [-79.7191512114389, 43.5830922640253], [-79.7191570758111, 43.5830975466863], [-79.7191629326779, 43.5831028328646], [-79.7191687832396, 43.5831081243744], [-79.7191746262959, 43.5831134194014], [-79.7191804605895, 43.5831187188319], [-79.7191862898353, 43.5831240227076], [-79.7191921103183, 43.5831293309868], [-79.7191979232769, 43.5831346436835], [-79.7192037299686, 43.5831399599112], [-79.7192095278783, 43.5831452814427], [-79.719215319521, 43.5831506065053], [-79.7192211036583, 43.5831559350851], [-79.7192268802522, 43.5831612689826], [-79.7192326493407, 43.5831666063972], [-79.7192384108857, 43.5831719491295], [-79.7192441661636, 43.5831772953929], [-79.7192499126979, 43.5831826451597], [-79.7192556529269, 43.583188000258], [-79.7192613844123, 43.5831933588596], [-79.7192671096115, 43.5831987218925], [-79.7192728272864, 43.5832040893429], [-79.7192785374558, 43.5832094603105], [-79.7192842401008, 43.5832148356955], [-79.7192899352214, 43.583220215498], [-79.7192956228366, 43.5832255988177], [-79.7193013029082, 43.5832309874551], [-79.7193069754746, 43.5832363796097], [-79.7193126405355, 43.5832417752815], [-79.7193182980529, 43.583247176271], [-79.7193239493033, 43.5832525807916], [-79.7193295918099, 43.5832579888156], [-79.7193352267731, 43.5832634021572], [-79.7193408554692, 43.5832688190299], [-79.7193464754024, 43.5832742403063], [-79.7193520890687, 43.5832796651137], [-79.7193576939722, 43.5832850943247], [-79.7193632925895, 43.5832905279671], [-79.7193688824632, 43.5832959651128], [-79.7193744660507, 43.5833014066899], [-79.7193800408945, 43.5833068517703], [-79.7193856082138, 43.5833123012682], [-79.7193911692471, 43.5833177551974], [-79.7193967215365, 43.5833232126301], [-79.7194022675399, 43.583328674494], [-79.7194078047805, 43.5833341407615], [-79.7194133345157, 43.5833396105464], [-79.7194188567264, 43.5833450847486], [-79.71942437267, 43.583350562482], [-79.7194298798509, 43.583356044619], [-79.7194353795264, 43.5833615302733], [-79.7194408716774, 43.583367020345], [-79.7194463563039, 43.5833725148343], [-79.719451833425, 43.5833780128407], [-79.7194573030408, 43.5833835143645], [-79.719462765113, 43.5833890212059], [-79.7194682184605, 43.5833945306505], [-79.7194736655219, 43.5834000445265], [-79.7194791038205, 43.5834055628061], [-79.719484535852, 43.5834110846168], [-79.7194899591207, 43.5834166108311], [-79.719495374884, 43.5834221405627], [-79.7195007831228, 43.5834276747118], [-79.7195061838562, 43.5834332123782], [-79.7195115770652, 43.5834387544621], [-79.7195169627687, 43.5834443000632], [-79.7195223409668, 43.5834498491816], [-79.7195277104021, 43.5834554027037], [-79.7195330723129, 43.5834609606432], [-79.7195384279566, 43.5834665221139], [-79.7195437748566, 43.583472087088], [-79.7195491142322, 43.5834776564796], [-79.7195544448639, 43.5834832293747], [-79.7195597692286, 43.5834888058008], [-79.7195650860497, 43.5834943875447], [-79.7195703941461, 43.5834999718918], [-79.719575694718, 43.5835055606564], [-79.7195809877845, 43.5835111529383], [-79.7195862733265, 43.5835167496377], [-79.7195915501247, 43.5835223498405], [-79.7195968206559, 43.5835279535745], [-79.723477497432, 43.5876567299628], [-79.7234832737277, 43.5876628776048], [-79.7234890575312, 43.5876690217287], [-79.7234948488426, 43.5876751623345], [-79.7235006476809, 43.5876812985221], [-79.7235064552654, 43.5876874312054], [-79.7235122691384, 43.5876935594566], [-79.7235180917578, 43.5876996842036], [-79.723523921885, 43.5877058054325], [-79.7235297595391, 43.5877119222431], [-79.7235356059585, 43.5877180346492], [-79.7235414586283, 43.5877241444236], [-79.7235473200825, 43.5877302488934], [-79.7235531890256, 43.5877363507453], [-79.7235590654955, 43.587742448179], [-79.7235649494924, 43.5877485411943], [-79.7235708422355, 43.5877546307054], [-79.7235767412671, 43.5877607157843], [-79.7235826490451, 43.587766797359], [-79.7235885630925, 43.5877728754018], [-79.7235944859052, 43.5877789490402], [-79.7236004162258, 43.5877850191604], [-79.7236063540734, 43.5877910848623], [-79.7236123006863, 43.5877971461598], [-79.7236182535686, 43.5878032039253], [-79.7236242151972, 43.5878092581866], [-79.7236301831144, 43.5878153080157], [-79.7236361597969, 43.5878213534404], [-79.7236421439873, 43.587827395347], [-79.7236481356856, 43.5878334337355], [-79.7236541349107, 43.5878394677057], [-79.7236601416629, 43.5878454972575], [-79.7236661559229, 43.5878515232913], [-79.7236721777098, 43.5878575449068], [-79.7236782070047, 43.5878635630041], [-79.7236842450649, 43.587869576697], [-79.7236902894136, 43.5878755859578], [-79.7236963425086, 43.5878815917142], [-79.7237024018731, 43.5878875939387], [-79.723708470003, 43.5878935917587], [-79.7237145444214, 43.5878995851466], [-79.7237206276051, 43.58790557413], [-79.7237267182967, 43.5879115595953], [-79.7237328164963, 43.5879175415425], [-79.7237389210034, 43.5879235181573], [-79.7237450342378, 43.5879294921681], [-79.7237511550181, 43.5879354608602], [-79.7237572833064, 43.5879414260344], [-79.7237634191216, 43.5879473867901], [-79.7237695624448, 43.5879533440278], [-79.7237757133139, 43.5879592959469], [-79.7237818716718, 43.5879652452481], [-79.7237880375758, 43.5879711892307], [-79.7237942097493, 43.5879771296814], [-79.7238003906881, 43.5879830657276], [-79.7238065791348, 43.5879889982557], [-79.7238127751085, 43.5879949263655], [-79.7238189786092, 43.5880008500569], [-79.7238251896178, 43.5880067702301], [-79.7238314081723, 43.5880126850849], [-79.7238376329964, 43.5880185964077], [-79.7238438665668, 43.5880245042261], [-79.7238501076831, 43.5880304067261], [-79.723856355069, 43.588036305694], [-79.7238626112013, 43.5880422011577], [-79.7238688736411, 43.5880480912889], [-79.7238751448272, 43.5880539779159], [-79.7238814223019, 43.5880598601107], [-79.7238877073035, 43.5880657378871], [-79.7238940010705, 43.588071611259], [-79.7239003011071, 43.588077481099], [-79.7239066086706, 43.5880833465206], [-79.723912923761, 43.5880892075239], [-79.7239192463594, 43.5880950650089], [-79.7239255752654, 43.5881009171617], [-79.7239319129177, 43.58810676581], [-79.723938258097, 43.5881126100401], [-79.7239446095648, 43.5881184498379], [-79.7239509685406, 43.5881242861176], [-79.7239573350623, 43.5881301170788], [-79.7239637103305, 43.5881359445356], [-79.7239700918871, 43.5881417675602], [-79.7239764797323, 43.5881475861526], [-79.723982876343, 43.5881534003405], [-79.7239892804615, 43.5881592110102], [-79.7239956908876, 43.5881650163475], [-79.7240021088217, 43.5881708181667], [-79.7240085342828, 43.5881766155675], [-79.7240149672708, 43.5881824085499], [-79.7240214077858, 43.588188197114], [-79.7240278558088, 43.5881939821599], [-79.7240343101392, 43.5881997618734], [-79.7240407719777, 43.5882055380686], [-79.7240472413622, 43.5882113089454], [-79.7240537182546, 43.5882170763039], [-79.724060202674, 43.5882228392441], [-79.724066693382, 43.5882285977521], [-79.7240731928554, 43.5882343518556], [-79.7240796986173, 43.5882401015268], [-79.7240862118872, 43.5882458476798], [-79.7240927314646, 43.5882515885004], [-79.7240992598074, 43.5882573249165], [-79.7241057944198, 43.5882630578006], [-79.7241123365782, 43.588268785366], [-79.7241188862446, 43.5882745094133], [-79.7241254422185, 43.5882802281282], [-79.7241320057004, 43.5882859433248], [-79.7241385779478, 43.588291654117], [-79.7241451552452, 43.588297360463], [-79.7241517413271, 43.5883030615043], [-79.7241583336785, 43.5883087590136], [-79.7241649335569, 43.5883144521045], [-79.7241715409623, 43.588320140777], [-79.7241781546563, 43.5883258250172], [-79.7241847771157, 43.5883315048529], [-79.7241914046442, 43.5883371793424], [-79.7241980409191, 43.5883428503274], [-79.7242046834826, 43.5883485168802], [-79.7242113335731, 43.5883541790147], [-79.7242179911906, 43.5883598367307], [-79.7242246563541, 43.5883654891281], [-79.7242313277872, 43.5883711379935], [-79.7242380055087, 43.5883767824266], [-79.7242446920148, 43.588382421555], [-79.7242513847904, 43.5883880571513], [-79.724258085112, 43.588393687429], [-79.7242647917031, 43.5883993141747], [-79.7242715070788, 43.5884049356156], [-79.7242782274855, 43.5884105535106], [-79.7242849566766, 43.5884161661008], [-79.7242916921564, 43.5884217742588], [-79.7242984351631, 43.5884273779983], [-79.7243051844584, 43.5884329773056], [-79.7243119412807, 43.5884385721945], [-79.72431870563, 43.588444162665], [-79.7243254762679, 43.5884497487032], [-79.7243322544518, 43.5884553294228], [-79.7243390401436, 43.5884609066242], [-79.7243458321431, 43.5884664784931], [-79.7243526304311, 43.5884720459297], [-79.7243594374846, 43.5884776089618], [-79.7243662508266, 43.5884831675616], [-79.7243730704572, 43.5884887217291], [-79.7243798976149, 43.5884942714782], [-79.7243867323185, 43.5884998159086], [-79.7243935733107, 43.5885053559068], [-79.7244004218109, 43.5885108923868], [-79.7244072778572, 43.5885164235481], [-79.724414140211, 43.588521949377], [-79.7244210088343, 43.5885274716738], [-79.7244278849847, 43.5885329895522], [-79.7244347686811, 43.5885385021119], [-79.7244416586661, 43.5885440102393], [-79.7244485561781, 43.5885495139483], [-79.7244554599786, 43.588555013225], [-79.7244623713252, 43.5885605071831], [-79.7244692889603, 43.5885659967089], [-79.7244762141225, 43.5885714818162], [-79.7244831455733, 43.5885769624913], [-79.724490084551, 43.5885824387479], [-79.7244970310748, 43.5885879096859], [-79.7245039826487, 43.5885933761777], [-79.7245109429881, 43.5885988382649], [-79.7245179096161, 43.5886042959199], [-79.7245248825516, 43.5886097482424], [-79.7245318630141, 43.5886151961463], [-79.7245388497653, 43.5886206396181], [-79.7245458440434, 43.5886260786713], [-79.7245528446292, 43.5886315123921], [-79.7245598527419, 43.5886369416944], [-79.7245668671432, 43.5886423665644], [-79.7245738890906, 43.5886477861157], [-79.7245809173265, 43.5886532012348], [-79.724587951851, 43.5886586119215], [-79.7245949939216, 43.5886640172896], [-79.7246020435001, 43.5886694191394], [-79.7246090981478, 43.5886748156429], [-79.72461616158, 43.5886802068415], [-79.7246232300623, 43.588685593594], [-79.7246303060716, 43.5886909759281], [-79.724637389608, 43.5886963538436], [-79.7246444794519, 43.5887017264267], [-79.7246515755844, 43.5887070945774], [-79.7246586792439, 43.5887124583097], [-79.7246657892111, 43.5887178167094], [-79.7246729054667, 43.5887231706769], [-79.7246800292685, 43.5887285193256], [-79.7246871593588, 43.5887338635421], [-79.7246942969761, 43.5887392033401], [-79.7247014408821, 43.5887445387057], [-79.7247085910956, 43.5887498687389], [-79.7247157488551, 43.5887551934533], [-79.7247229129032, 43.5887605137354], [-79.7247300832399, 43.5887658295853], [-79.7247372611226, 43.5887711401164], [-79.724744445294, 43.5887764462151], [-79.7247516357538, 43.5887817478816], [-79.7247588337598, 43.5887870442294], [-79.7247660380543, 43.5887923361449], [-79.7247732486564, 43.5887976227278], [-79.7247804667854, 43.5888029048922], [-79.7247876912222, 43.5888081817241], [-79.7247949219474, 43.5888134541237], [-79.7248021589613, 43.5888187220909], [-79.7248094035212, 43.5888239847395], [-79.7248166543697, 43.5888292429557], [-79.7248239127642, 43.5888344958532], [-79.7248311762088, 43.5888397443045], [-79.7248384471995, 43.5888449874371], [-79.7248457244788, 43.5888502261374], [-79.7248530093041, 43.588855459519], [-79.7248603004179, 43.5888606884682], [-79.7248675978394, 43.5888659120849], [-79.7248749015495, 43.5888711312693], [-79.7248822115671, 43.5888763451211], [-79.7248895291117, 43.5888815545544], [-79.724896852964, 43.5888867586551], [-79.7249041831048, 43.5888919583235], [-79.7249115195532, 43.5888971526594], [-79.7249188635287, 43.5889023425767], [-79.7249262138117, 43.5889075271615], [-79.7249335691638, 43.5889127063999], [-79.7249409332625, 43.5889178821338], [-79.7249483024492, 43.5889230516211], [-79.7249556791631, 43.5889282166899], [-79.724963060927, 43.5889333773125], [-79.724970450256, 43.5889385317162], [-79.7249778458545, 43.5889436825877], [-79.7249852489991, 43.5889488281405], [-79.7249926572128, 43.5889539683469], [-79.7250000729725, 43.5889591032346], [-79.7250074937824, 43.5889642336761], [-79.7250149221193, 43.588969359699], [-79.7250223567638, 43.5889744803894], [-79.7250297977159, 43.5889795957472], [-79.725037246195, 43.5889847066865], [-79.7250446997432, 43.5889898122794], [-79.7250521608375, 43.5889949125535], [-79.7250596269819, 43.5890000083814], [-79.7250671006723, 43.5890050988906], [-79.7250745806513, 43.5890101849674], [-79.7250820669379, 43.5890152657117], [-79.7250895595321, 43.5890203411233], [-79.7250970584148, 43.5890254121026], [-79.7251045636051, 43.5890304777493], [-79.7251120763415, 43.5890355380773], [-79.7251195941279, 43.589040593959], [-79.7251271194605, 43.589045644522], [-79.7251346498621, 43.5890506897387], [-79.7251421877908, 43.5890557305367], [-79.7251497307886, 43.5890607659883], [-79.7251572813324, 43.5890657961212], [-79.7251648381648, 43.5890708218217], [-79.7251724013048, 43.5890758421895], [-79.7251799707523, 43.5890808572248], [-79.72518754525, 43.5890858678139], [-79.7251951272937, 43.5890908730842], [-79.725202715645, 43.589095873022], [-79.7252103102848, 43.5891008685273], [-79.7252179112323, 43.5891058587], [-79.7252255184873, 43.5891108435402], [-79.7252331320499, 43.5891158230477], [-79.725240751901, 43.5891207981228], [-79.7252483780597, 43.5891257678654], [-79.7252560105261, 43.5891307322753], [-79.7252636480615, 43.5891356913389], [-79.7252712931239, 43.5891406459838], [-79.7252789444939, 43.5891455952961], [-79.7252866021715, 43.5891505392759], [-79.7252942661377, 43.5891554788232], [-79.725301935192, 43.5891604121239], [-79.7253096117733, 43.589165341006], [-79.7253172934237, 43.5891702645417], [-79.7253249826012, 43.5891751836587], [-79.7253326768667, 43.5891800965292], [-79.7253403786593, 43.5891850049811], [-79.725348085521, 43.5891899080865], [-79.7253557986902, 43.5891948058593], [-79.7253635181481, 43.5891996991997], [-79.7253712439325, 43.5892045863073], [-79.7253789760054, 43.5892094689824], [-79.725386714386, 43.5892143463249], [-79.7253944578356, 43.589219218321], [-79.7254022088313, 43.5892240849983], [-79.7254099648771, 43.5892289472294], [-79.7254177272304, 43.5892338041278], [-79.7254254971487, 43.5892386548072], [-79.7254332721172, 43.5892435010404], [-79.7254410521548, 43.5892483419271], [-79.7254488397194, 43.5892531783952], [-79.7254566336105, 43.5892580086305], [-79.7254644325518, 43.5892628344195], [-79.7254722378006, 43.5892676548759], [-79.725480049376, 43.5892724690995], [-79.7254878672399, 43.5892772788906], [-79.7254956913924, 43.5892820842493], [-79.725503520633, 43.5892868833613], [-79.7255113574196, 43.5892916771545], [-79.7255191992564, 43.5892964665015], [-79.7255270474196, 43.5893012496156], [-79.725534900633, 43.5893060282834], [-79.7255427613924, 43.5893108016324], [-79.7255506272399, 43.5893155687348], [-79.7255584993759, 43.5893203314047], [-79.7255663778195, 43.589325088742], [-79.7255742613132, 43.589329841633], [-79.7255821523719, 43.5893345883049], [-79.7255900484997, 43.5893393296304], [-79.7255979496965, 43.5893440656095], [-79.7256058584204, 43.5893487971698], [-79.7256137722324, 43.5893535224836], [-79.7256216923329, 43.5893582433648], [-79.72562961876, 43.5893629580132], [-79.7256375502372, 43.5893676682154], [-79.7256454880409, 43.5893723721847], [-79.7256534321332, 43.5893770717215], [-79.725661382533, 43.5893817659256], [-79.7256693380019, 43.5893864547833], [-79.7256772997973, 43.5893911374081], [-79.7256852678813, 43.5893958156004], [-79.7256932410344, 43.5894004884463], [-79.725701220495, 43.5894051559595], [-79.7257092062631, 43.58940981814], [-79.7257171971194, 43.5894144740738], [-79.7257251942641, 43.5894191255752], [-79.7257331977165, 43.5894237717439], [-79.7257412062378, 43.5894284125661], [-79.7257492210668, 43.5894330480556], [-79.7257572409838, 43.5894376772985], [-79.7257652684278, 43.5894423021227], [-79.7257732997024, 43.5894469215865], [-79.725781338523, 43.5894515357315], [-79.7257893824317, 43.5894561436298], [-79.7257974313905, 43.5894607470819], [-79.7258054879142, 43.5894653443148], [-79.7258135494881, 43.5894699371015], [-79.72582161615, 43.5894745236414], [-79.7258296891004, 43.5894791057489], [-79.7258377683774, 43.5894836816234], [-79.7258458527234, 43.5894882521515], [-79.7258539433579, 43.5894928182471], [-79.7258620390806, 43.5894973780959], [-79.7258701411107, 43.5895019326121], [-79.7258782482099, 43.5895064817818], [-79.7258863616166, 43.5895110256188], [-79.7258944813499, 43.5895155632229], [-79.7259026061332, 43.5895200963807], [-79.7259107359856, 43.5895246241919], [-79.7259188721645, 43.5895291457703], [-79.7259270146319, 43.5895336629161], [-79.7259351621874, 43.5895381738153], [-79.7259433160504, 43.5895426793817], [-79.7259514749824, 43.5895471796016], [-79.725959640222, 43.5895516744888], [-79.7259678105306, 43.5895561640295], [-79.7259759859273, 43.5895606473235], [-79.7259841676124, 43.589565126185], [-79.7259923556241, 43.5895695988135], [-79.7260005486859, 43.5895740669958], [-79.7260087480742, 43.5895785289451], [-79.7260169512929, 43.5895829855341], [-79.7260251620768, 43.589587435904], [-79.7260333779106, 43.5895918818275], [-79.7260415988325, 43.5895963215044], [-79.7260498260429, 43.5896007567487], [-79.7260580583414, 43.5896051857463], [-79.7260662957088, 43.5896096093973], [-79.7260745393838, 43.5896140277156], [-79.7260827893853, 43.589618439801], [-79.7260910444369, 43.5896228474401], [-79.7260993045764, 43.5896272488324], [-79.7261075710235, 43.589631644892], [-79.7261158425586, 43.5896360347048], [-79.7261241191437, 43.5896404200714], [-79.7261324020553, 43.5896447992049], [-79.7261406900169, 43.5896491738922], [-79.7261489830666, 43.5896535423327], [-79.7261572824428, 43.5896579045403], [-79.726165586869, 43.5896622623015], [-79.7261738976217, 43.5896666138298], [-79.7261822134434, 43.5896709600115], [-79.7261905343341, 43.5896753008467], [-79.7261988615514, 43.589679635449], [-79.7262071938186, 43.5896839656049], [-79.7262155311739, 43.589688289514], [-79.7262238735981, 43.5896926080766], [-79.7262322223489, 43.5896969204063], [-79.7262405761687, 43.5897012273893], [-79.7262489362959, 43.5897055290397], [-79.7262573002537, 43.5897098253297], [-79.726265670519, 43.5897141162869], [-79.7262740471108, 43.5897184010112], [-79.7262824275331, 43.5897226803751], [-79.7262908142819, 43.5897269535061], [-79.7262992060807, 43.5897312221906], [-79.7263076042059, 43.5897354846423], [-79.7263160061617, 43.5897397417336], [-79.726324414444, 43.5897439925919], [-79.7263328277953, 43.5897482381036], [-79.726341247454, 43.5897524782826], [-79.7263496709433, 43.5897567131012], [-79.726358100759, 43.5897609416868], [-79.7263665356437, 43.5897651649259], [-79.7263749756165, 43.5897693819182], [-79.7263834218967, 43.5897735935777], [-79.7263918720074, 43.5897777998769], [-79.7264003284255, 43.5897820008433], [-79.7264087899317, 43.5897861955629], [-79.7264172565069, 43.5897903849359], [-79.726425728151, 43.5897945689623], [-79.7264342061216, 43.5897987467558], [-79.7264426891612, 43.5898029192027], [-79.7264511760503, 43.589807085389], [-79.7264596692468, 43.5898112462425], [-79.7264681687508, 43.5898154017633], [-79.7264766721043, 43.5898195510234], [-79.7264851805268, 43.589823694937], [-79.7264936952567, 43.5898278335178], [-79.7265022138361, 43.589831965838], [-79.726510738723, 43.5898360928254], [-79.7265192686789, 43.5898402144662], [-79.7265278037227, 43.5898443298602], [-79.7265363438545, 43.5898484390074], [-79.7265448890362, 43.5898525437083], [-79.7265534405444, 43.5898566421761], [-79.7265619959021, 43.5898607343834], [-79.7265705575673, 43.5898648212578], [-79.7265791230629, 43.5898689027719], [-79.7265876948849, 43.5898729780529], [-79.7265962705375, 43.5898770479735], [-79.7266048525164, 43.5898811116612], [-79.7266134395643, 43.5898851700022], [-79.7266220304427, 43.5898892229829], [-79.7266306276476, 43.5898932697305], [-79.7266392299403, 43.5898973102313], [-79.7266478372831, 43.5899013462857], [-79.7266564497327, 43.5899053751932], [-79.7266650672324, 43.5899093996542], [-79.7266736885815, 43.5899134178546], [-79.726682316257, 43.589917429822], [-79.7266909490015, 43.5899214364427], [-79.7266995868338, 43.5899254368167], [-79.7267082297352, 43.589929431844], [-79.7267168777055, 43.5899334215247], [-79.7267255307637, 43.5899374049586], [-79.7267341876714, 43.5899413821319], [-79.7267428508864, 43.5899453539724], [-79.7267515191705, 43.5899493204662], [-79.7267601913039, 43.5899532806995], [-79.7267688697448, 43.5899572355998], [-79.7267775520352, 43.5899611842396], [-79.7267862406519, 43.5899651266464], [-79.7267949330991, 43.5899690636927], [-79.7268036306152, 43.5899729953924], [-79.7268123332192, 43.5899769208453], [-79.7268210421496, 43.5899808400651], [-79.726829753672, 43.5899847539107], [-79.7268384715018, 43.5899886624235], [-79.7268471944195, 43.5899925646895], [-79.7268559224251, 43.5899964607086], [-79.7268646542611, 43.5900003513673], [-79.7268733924046, 43.5900042366931], [-79.7268821344164, 43.5900081148581], [-79.7268908814782, 43.5900119885767], [-79.7268996336468, 43.5900158551482], [-79.726908389646, 43.5900197163593], [-79.7269171519524, 43.5900235722376], [-79.7269259193468, 43.590027421869], [-79.7269346905716, 43.5900312661399], [-79.7269434668843, 43.590035104164], [-79.7269522482849, 43.5900389359413], [-79.7269610335159, 43.5900427623581], [-79.7269698250733, 43.5900465825419], [-79.7269786204801, 43.590050396465], [-79.7269874209558, 43.5900542050415], [-79.7269962265004, 43.5900580082713], [-79.7270050371328, 43.5900618052543], [-79.7270138516146, 43.5900655959767], [-79.7270226711654, 43.5900693813523], [-79.727031495804, 43.5900731604812], [-79.7270403255305, 43.5900769333631], [-79.7270491590874, 43.5900807008846], [-79.7270579989706, 43.590084462173], [-79.7270668426843, 43.5900882181011], [-79.7270756902473, 43.5900919677684], [-79.7270845441367, 43.5900957112027], [-79.7270934018565, 43.5900994492764], [-79.7271022634256, 43.5901031810896], [-79.7271111313212, 43.5901069066697], [-79.727120003047, 43.5901106268892], [-79.7271288798608, 43.590114340862], [-79.7271377617434, 43.5901180494881], [-79.7271466474754, 43.5901217518535], [-79.7271555382952, 43.590125447972], [-79.7271644329454, 43.5901291387301], [-79.727173333922, 43.5901328232551], [-79.7271822387479, 43.5901365015194], [-79.7271911474232, 43.5901401735231], [-79.7272000611673, 43.5901438401801], [-79.7272089799803, 43.5901475014903], [-79.7272179039001, 43.5901511556536], [-79.7272268316503, 43.5901548044563], [-79.7272357632498, 43.5901584469984], [-79.7272447011567, 43.5901620842076], [-79.7272536429129, 43.5901657151561], [-79.7272625885185, 43.5901693398439], [-79.7272715391929, 43.5901729591851], [-79.7272804949741, 43.5901765713791], [-79.7272894545856, 43.5901801782127], [-79.7272984192661, 43.5901837796996], [-79.7273073890343, 43.5901873749396], [-79.7273163626708, 43.5901909630187], [-79.7273253401188, 43.5901945466375], [-79.7273343226735, 43.5901981231093], [-79.727343310297, 43.5902016942343], [-79.7273523017699, 43.5902052590987], [-79.7273612983116, 43.5902088186164], [-79.7273702987216, 43.5902123709731], [-79.7273793042004, 43.5902159179832], [-79.7273883135286, 43.5902194587326], [-79.7273973279255, 43.5902229941353], [-79.7274063461718, 43.5902265232773], [-79.7274153695248, 43.5902300452722], [-79.7274243966893, 43.5902335628067], [-79.7274334289604, 43.5902370731942], [-79.727442465062, 43.5902405782212], [-79.7274515062513, 43.5902440770013], [-79.7274605512899, 43.5902475695207], [-79.7274696014162, 43.5902510557932], [-79.727478655373, 43.5902545367051], [-79.7274877144174, 43.5902580113702], [-79.7274967773112, 43.5902614797745], [-79.7275058440543, 43.5902649419182], [-79.7275149158662, 43.5902683987151], [-79.7275239915273, 43.5902718492514], [-79.7275330722763, 43.5902752935407], [-79.7275421568745, 43.5902787315693], [-79.727551245322, 43.5902821633372], [-79.7275603388383, 43.5902855897584], [-79.7275694362039, 43.5902890099189], [-79.7275785386572, 43.5902924238324], [-79.7275876449598, 43.5902958314853], [-79.7275967551117, 43.5902992328774], [-79.7276058703324, 43.5903026289228], [-79.7276149894213, 43.5903060178073], [-79.7276241135789, 43.590309401345], [-79.7276332415859, 43.5903127786221], [-79.7276423734231, 43.5903161505386], [-79.7276515091286, 43.5903195152942], [-79.7276606499028, 43.5903228747031], [-79.7276697945263, 43.5903262278512], [-79.7276789442375, 43.5903295747524], [-79.7276880965595, 43.5903329153791], [-79.7276972539693, 43.5903362497589], [-79.7277064164667, 43.5903395778917], [-79.727715581556, 43.5903429006502], [-79.7277247517329, 43.5903462171618], [-79.7277339269977, 43.5903495274264], [-79.7277431048731, 43.5903528314165], [-79.7277522878363, 43.5903561291597], [-79.7277614746487, 43.5903594206422], [-79.7277706653103, 43.5903627058639], [-79.7277798598022, 43.5903659857251], [-79.7277890593819, 43.5903692593393], [-79.7277982628107, 43.5903725266928], [-79.7278074701078, 43.5903757868854], [-79.7278166824546, 43.5903790426314], [-79.7278258974311, 43.5903822912027], [-79.7278351174953, 43.590385533527], [-79.7278443414087, 43.5903887695906], [-79.7278535691524, 43.5903920002937], [-79.7278628020027, 43.5903952238496], [-79.7278720374448, 43.5903984420312], [-79.7278812779746, 43.5904016539658], [-79.7278905223536, 43.5904048596397], [-79.7278997705818, 43.5904080590528], [-79.7279090238977, 43.590411252219], [-79.7279182798243, 43.5904144391106], [-79.7279275396, 43.5904176197415], [-79.7279368044445, 43.5904207950256], [-79.7279460731572, 43.5904239631488], [-79.7279553457001, 43.5904271259114], [-79.7279646221111, 43.5904302815131], [-79.7279739023523, 43.5904334317542], [-79.7279831864617, 43.5904365748344], [-79.7279924756398, 43.5904397125678], [-79.7280017674286, 43.5904428440266], [-79.728011064305, 43.5904459692385], [-79.7280203637921, 43.5904490881759], [-79.7280296683669, 43.5904522008663], [-79.7280389767909, 43.5904553072959], [-79.728048289064, 43.5904584074647], [-79.7280576051863, 43.5904615013728], [-79.7280669251577, 43.5904645890201], [-79.7280762489783, 43.5904676704067], [-79.7280855766291, 43.5904707464327], [-79.728094908148, 43.5904738152977], [-79.7281042435161, 43.590476877902], [-79.7281135827144, 43.5904799351457], [-79.7281229257807, 43.5904829852284], [-79.7281322726962, 43.5904860290504], [-79.7281416234419, 43.5904890675118], [-79.7281509780557, 43.5904920988122], [-79.7281603365187, 43.5904951238519], [-79.7281696988118, 43.590498143531], [-79.728179064973, 43.5905011560491], [-79.7281884349643, 43.5905041632066], [-79.7281978088238, 43.5905071632032], [-79.7282071865134, 43.5905101578392], [-79.7282165680711, 43.5905131453142], [-79.728225953459, 43.5905161274286], [-79.728235342715, 43.5905191023821], [-79.7282447345816, 43.590522071061], [-79.7282541315168, 43.5905250343931], [-79.7282635310816, 43.5905279905504], [-79.728272935715, 43.5905309413609], [-79.728282342978, 43.5905338849967], [-79.7282917540902, 43.5905368223717], [-79.7283011690514, 43.5905397534859], [-79.7283105878428, 43.5905426792395], [-79.7283200105023, 43.5905455978321], [-79.7283294357723, 43.5905485101502], [-79.7283388661299, 43.5905514162212], [-79.7283482990981, 43.5905543160177], [-79.728357737135, 43.5905572104674], [-79.7283671778014, 43.5905600977423], [-79.7283766223169, 43.5905629787564], [-79.7283860694619, 43.5905658525957], [-79.7283955216756, 43.5905687210882], [-79.7284049764998, 43.5905715833062], [-79.7284144364116, 43.5905744392771], [-79.728423898934, 43.5905772889734], [-79.7284333640859, 43.590580131495], [-79.7284428343064, 43.5905829686697], [-79.7284523071565, 43.5905857986697], [-79.7284617850751, 43.5905886233229], [-79.7284712643848, 43.5905914407875], [-79.728480748782, 43.590594252005], [-79.7284902370094, 43.590597057862], [-79.7284997278662, 43.5905998565442], [-79.7285092225721, 43.5906026489655], [-79.7285187198885, 43.5906054351123], [-79.7285282222926, 43.5906082150121], [-79.728537727326, 43.5906109877371], [-79.7285472361896, 43.5906137551014], [-79.7285567476637, 43.5906165161912], [-79.7285662642443, 43.5906192701338], [-79.7285757834355, 43.5906220178017], [-79.7285853052182, 43.5906247600953], [-79.7285948321075, 43.5906274952416], [-79.7286043616072, 43.5906302241134], [-79.7286138937175, 43.5906329467105], [-79.7286234309153, 43.5906356630606], [-79.7286329707425, 43.590638372236], [-79.7286425143999, 43.5906410760506], [-79.7286520606867, 43.5906437726906], [-79.7396267295441, 43.5937393008941]]]}, "properties": {"name": "GO Milton"}}]}